[
    {
        "file": "Participatiewet_most_recent_public.json",
        "ID": "29f4cd4f-7fd1-412b-8ddc-69fea9271bfc",
        "type": "act",
        "text": "toekennen recht op algemene bijstand college van de gemeente waar de belanghebbende woonplaats heeft belanghebbende",
        "precondition_texts": {
            "e63a9283-6593-4c1c-a470-56aa8239ec1b": "vastgestelling hoogte algemene bijstand per kalendermaand"
        },
        "text_positions": {
            "e63a9283-6593-4c1c-a470-56aa8239ec1b": "Artikel 19, sectie 2 IN Participatiewet"
        },
        "feedback_extraction": {},
        "feedback_detection": {}
    },
    {
        "file": "Participatiewet_most_recent_public.json",
        "ID": "4d3d4ef8-e493-4596-adde-183285f22e04",
        "type": "act",
        "text": "weigeren recht op algemene bijstand",
        "precondition_texts": {
            "d097e347-671e-42e8-8a2c-6e7ce107bcfb": "college stelt het recht op bijstand vast op schriftelijke aanvraag",
            "cfeb6104-af30-4715-9719-a58b0c8c2f37": "NOT bijstand wordt door de echtgenoten gezamenlijk aangevraagd dan wel door een van hen met schriftelijke toestemming van de ander", 
            "7a2353e2-7de1-443a-a5a1-f012559c5608": "NOT belanghebbende is een in Nederland woonachtige Nederlander",
            "3299e583-3e5a-4f16-9eba-ffb439d62718": "NOT belanghebbende is een hier te lande woonachtige vreemdeling die rechtmatig in Nederland verblijf houdt in de zin van artikel 8, onderdelen a tot en met e en l, van de Vreemdelingenwet 2000",
            "6d18a490-bcbc-494a-a7a8-b18442a0fa7b": "\nbelanghebbende aan wie rechtens zijn vrijheid is ontnomen",
            "84911ff7-98a5-41e9-ba26-c6cc5a47f9f9": "belanghebbende die zich onttrekt aan de tenuitvoerlegging van een vrijheidsstraf of vrijheidsbenemende maatregel",
            "7921e157-884c-4d03-a522-d47b0db1d194": "belanghebbende die zijn militaire of vervangende dienstplicht vervult",
            "e0603329-768f-438d-94e9-5070a3bd6e7b": "belanghebbende die wegens werkstaking of uitsluiting niet deelneemt aan de arbeid, voorzover diens gebrek aan middelen daarvan het gevolg is",
            "56143d22-316d-48a9-8a49-00cb98da9c58": "belanghebbende die per kalenderjaar langer dan vier weken verblijf houdt buiten Nederland",
            "e7a191c0-9e0d-4a12-9cb9-053d6d7b08fa": "belanghebbende die bijstand vraagt ter gedeeltelijke of volledige aflossing van een schuldenlast",
            "926f81ce-b891-4eed-9f24-0d52a07f1d86": "belanghebbende die overigens bij het ontstaan van de schuldenlast dan wel nadien, beschikte of beschikt over de middelen om in de noodzakelijke kosten van het bestaan te voorzien",
            "93e4655f-7cd9-4291-b406-2750fc07534c": "belanghebbende die een uitreiziger is",
            "ea4fd183-4e4c-4762-8ff8-0e0e76695f41": "belanghebbende van 18, 19 of 20 jaar die in een inrichting verblijft",
            "74412d94-9cd5-4e33-b1b4-10bb9e93c5dd": "belanghebbende die jonger is dan 27 jaar en uit \u2019s Rijks kas bekostigd onderwijs kan volgen",
            "7e931c05-d91e-4288-8936-24fe02301a7f": "belanghebbende heeft in verband met volgen onderwijs aanspraak op studiefinanciering op grond van de Wet studiefinanciering 2000",
            "8c1e16e8-8a7f-429a-815b-1378e64d6a4a": "belanghebbende heeft geen aanspraak op studiefinanciering omdat hij onderwijs dat hij kan volgen onderwijs, niet volgt",
            "ea7175fb-d603-4af3-8b9b-eb28cb82e3eb": "belanghebbende die jonger is dan 27 jaar en uit wiens houding en gedragingen ondubbelzinnig blijkt dat hij de verplichtingen, bedoeld in artikel 9, eerste lid, of artikel 55 niet wil nakomen",
            "e627f4e5-5f4a-4dce-9c18-fe9775e9bc6b": "bijstand wordt toegekend voor de dag waarop de belanghebbende zich heeft gemeld om bijstand aan te vragen",
            "abe6be54-1f78-49f8-827b-dc827fa36978": "NOT het in aanmerking te nemen inkomen lager is dan de bijstandsnorm",
            "fed28247-1efa-4cc0-a3e1-f479a3ec5879": "er is in aanmerking te nemen vermogen"
        },
        "text_positions": {
            "d097e347-671e-42e8-8a2c-6e7ce107bcfb": "Artikel 43, sectie 1 IN Participatiewet",
            "cfeb6104-af30-4715-9719-a58b0c8c2f37": "Artikel 43, sectie 2 IN Participatiewet",
            "7a2353e2-7de1-443a-a5a1-f012559c5608": "Artikel 11, sectie 1 IN Participatiewet",
            "3299e583-3e5a-4f16-9eba-ffb439d62718": "Artikel 11, sectie 2 IN Participatiewet",
            "6d18a490-bcbc-494a-a7a8-b18442a0fa7b": "Artikel 13, sectie 1 a IN Participatiewet",
            "84911ff7-98a5-41e9-ba26-c6cc5a47f9f9": "Artikel 13, sectie 1 b IN Participatiewet",
            "7921e157-884c-4d03-a522-d47b0db1d194": "Artikel 13, sectie 1 c IN Participatiewet",
            "e0603329-768f-438d-94e9-5070a3bd6e7b": "Artikel 13, sectie 1 d IN Participatiewet",
            "56143d22-316d-48a9-8a49-00cb98da9c58": "Artikel 13, sectie 1 e IN Participatiewet",
            "e7a191c0-9e0d-4a12-9cb9-053d6d7b08fa": "Artikel 13, sectie 1 g IN Participatiewet",
            "926f81ce-b891-4eed-9f24-0d52a07f1d86": "Artikel 13, sectie 1 g IN Participatiewet",
            "93e4655f-7cd9-4291-b406-2750fc07534c": "Artikel 13, sectie 1 h IN Participatiewet",
            "ea4fd183-4e4c-4762-8ff8-0e0e76695f41": "Artikel 13, sectie 2 a IN Participatiewet",
            "74412d94-9cd5-4e33-b1b4-10bb9e93c5dd": "Artikel 13, sectie 2 c IN Participatiewet",
            "7e931c05-d91e-4288-8936-24fe02301a7f": "Artikel 13, sectie 2 c 1 IN Participatiewet",
            "8c1e16e8-8a7f-429a-815b-1378e64d6a4a": "Artikel 13, sectie 2 c 2 IN Participatiewet",
            "ea7175fb-d603-4af3-8b9b-eb28cb82e3eb": "Artikel 13, sectie 2 d IN Participatiewet",
            "e627f4e5-5f4a-4dce-9c18-fe9775e9bc6b": "Artikel 44, sectie 1 IN Participatiewet",
            "abe6be54-1f78-49f8-827b-dc827fa36978": "Artikel 19 sectie 1 a IN Participatiewet",
            "fed28247-1efa-4cc0-a3e1-f479a3ec5879": "Artikel 19 sectie 1 b IN Participatiewet"
        },
        "feedback_extraction": {},
        "feedback_detection": {}
    },
    {
        "file": "Participatiewet_most_recent_public.json",
        "ID": "a8e3044b-1943-4089-b6bd-78648c231759",
        "type": "act",
        "text": "betalen recht op algemene bijstand college van de gemeente waar de belanghebbende woonplaats heeft belanghebbende",
        "precondition_texts": {
            "f1baa3da-3cbb-4d1c-bd9e-ff03576f7ed3": "toekenning hoogte algemene bijstand per kalendermaand"
        },
        "text_positions": {
            "f1baa3da-3cbb-4d1c-bd9e-ff03576f7ed3": "Onbestemd"
        },
        "feedback_extraction": {},
        "feedback_detection": {}
    },
    {
        "file": "Participatiewet_most_recent_public.json",
        "ID": "b511c4ce-f8b4-461a-af91-1aeb06ca9414",
        "type": "act",
        "text": "vaststellen recht op algemene bijstand college van de gemeente waar de belanghebbende woonplaats heeft belanghebbende",
        "precondition_texts": {
            "d097e347-671e-42e8-8a2c-6e7ce107bcfb": "college stelt het recht op bijstand vast op schriftelijke aanvraag",
            "44c9b766-9c9d-4893-8b97-49613d6a0443": "college stelt het recht op bijstand ambtshalve vast",
            "7a2353e2-7de1-443a-a5a1-f012559c5608": "belanghebbende is een in Nederland woonachtige Nederlander",
            "3299e583-3e5a-4f16-9eba-ffb439d62718": "belanghebbende is een hier te lande woonachtige vreemdeling die rechtmatig in Nederland verblijf houdt in de zin van artikel 8, onderdelen a tot en met e en l, van de Vreemdelingenwet 2000",
            "6d18a490-bcbc-494a-a7a8-b18442a0fa7b": "NOT belanghebbende aan wie rechtens zijn vrijheid is ontnomen",
            "84911ff7-98a5-41e9-ba26-c6cc5a47f9f9": "NOT belanghebbende die zich onttrekt aan de tenuitvoerlegging van een vrijheidsstraf of vrijheidsbenemende maatregel",
            "7921e157-884c-4d03-a522-d47b0db1d194": "NOT belanghebbende die zijn militaire of vervangende dienstplicht vervult",
            "e0603329-768f-438d-94e9-5070a3bd6e7b": "NOT belanghebbende die wegens werkstaking of uitsluiting niet deelneemt aan de arbeid, voorzover diens gebrek aan middelen daarvan het gevolg is",
            "56143d22-316d-48a9-8a49-00cb98da9c58": "NOT belanghebbende die per kalenderjaar langer dan vier weken verblijf houdt buiten Nederland",
            "4aa032ef-fff4-47c1-a537-26c0b9f07cb7": "NOT belanghebbende die jonger is dan 18 jaar",
            "e7a191c0-9e0d-4a12-9cb9-053d6d7b08fa": "belanghebbende die bijstand vraagt ter gedeeltelijke of volledige aflossing van een schuldenlast",
            "926f81ce-b891-4eed-9f24-0d52a07f1d86": "belanghebbende die overigens bij het ontstaan van de schuldenlast dan wel nadien, beschikte of beschikt over de middelen om in de noodzakelijke kosten van het bestaan te voorzien",
            "93e4655f-7cd9-4291-b406-2750fc07534c": "NOT belanghebbende die een uitreiziger is",
            "ea4fd183-4e4c-4762-8ff8-0e0e76695f41": "NOT belanghebbende van 18, 19 of 20 jaar die in een inrichting verblijft",
            "d32301ae-fd20-4c7e-9343-c30f6e7d406d": "belanghebbende die onbetaald verlof geniet als bedoeld in artikel 1, onderdeel g, van de Werkloosheidswet, voor zover diens gebrek aan middelen daarvan het gevolg is",
            "c8ce8751-9ef9-4f0c-9176-fc271ae5f6fe": "belanghebbende die gehuwd is met een persoon die onbetaald verlof geniet als bedoeld in artikel 1, onderdeel g, van de Werkloosheidswet, voor zover diens gebrek aan middelen daarvan het gevolg is",
            "6d5da353-d19e-48d9-a885-cd521e3b015f": "belanghebbende is alleenstaande ouder en geniet verlof als bedoeld in hoofdstuk 6 van de Wet arbeid en zorg",
            "74412d94-9cd5-4e33-b1b4-10bb9e93c5dd": "belanghebbende die jonger is dan 27 jaar en uit \u2019s Rijks kas bekostigd onderwijs kan volgen",
            "7e931c05-d91e-4288-8936-24fe02301a7f": "belanghebbende heeft in verband met volgen onderwijs aanspraak op studiefinanciering op grond van de Wet studiefinanciering 2000",
            "8c1e16e8-8a7f-429a-815b-1378e64d6a4a": "belanghebbende heeft geen aanspraak op studiefinanciering omdat hij onderwijs dat hij kan volgen onderwijs, niet volgt",
            "ea7175fb-d603-4af3-8b9b-eb28cb82e3eb": "NOT belanghebbende die jonger is dan 27 jaar en uit wiens houding en gedragingen ondubbelzinnig blijkt dat hij de verplichtingen, bedoeld in artikel 9, eerste lid, of artikel 55 niet wil nakomen",
            "f94f7a1b-cb60-4a9b-9afe-66cbb7902f10": "bijstand wordt toegekend vanaf de dag waarop dit recht is ontstaan",
            "e627f4e5-5f4a-4dce-9c18-fe9775e9bc6b": "NOT bijstand wordt toegekend voor de dag waarop de belanghebbende zich heeft gemeld om bijstand aan te vragen",
            "409d176c-daa5-47a0-9895-097f7a1bd224": "algemene bijstand wordt per kalendermaand vastgesteld",
            "abe6be54-1f78-49f8-827b-dc827fa36978": "het in aanmerking te nemen inkomen lager is dan de bijstandsnorm",
            "fed28247-1efa-4cc0-a3e1-f479a3ec5879": "NOT er is in aanmerking te nemen vermogen",
            "ee4f72b4-3dcb-4a85-ac73-f7edf6ded0f4": "de hoogte van de algemene bijstand is het verschil tussen het inkomen en de bijstandsnorm",
            "cfeb6104-af30-4715-9719-a58b0c8c2f37": "bijstand wordt door de echtgenoten gezamenlijk aangevraagd dan wel door een van hen met schriftelijke toestemming van de ander"
        },
        "text_positions": {
            "d097e347-671e-42e8-8a2c-6e7ce107bcfb": "Artikel 43, sectie 1 IN Participatiewet",
            "44c9b766-9c9d-4893-8b97-49613d6a0443": "Artikel 43, sectie 1 IN Participatiewet",
            "7a2353e2-7de1-443a-a5a1-f012559c5608": "Artikel 11, sectie 1 IN Participatiewet",
            "3299e583-3e5a-4f16-9eba-ffb439d62718": "Artikel 11, sectie 2 IN Participatiewet",
            "6d18a490-bcbc-494a-a7a8-b18442a0fa7b": "Artikel 13, sectie 1 a IN Participatiewet",
            "84911ff7-98a5-41e9-ba26-c6cc5a47f9f9": "Artikel 13, sectie 1 b IN Participatiewet",
            "7921e157-884c-4d03-a522-d47b0db1d194": "Artikel 13, sectie 1 c IN Participatiewet",
            "e0603329-768f-438d-94e9-5070a3bd6e7b": "Artikel 13, sectie 1 d IN Participatiewet",
            "56143d22-316d-48a9-8a49-00cb98da9c58": "Artikel 13, sectie 1 e IN Participatiewet",
            "4aa032ef-fff4-47c1-a537-26c0b9f07cb7": "Artikel 13, sectie 1 f IN Participatiewet",
            "e7a191c0-9e0d-4a12-9cb9-053d6d7b08fa": "Artikel 13, sectie 1 g IN Participatiewet",
            "926f81ce-b891-4eed-9f24-0d52a07f1d86": "Artikel 13, sectie 1 g IN Participatiewet",
            "93e4655f-7cd9-4291-b406-2750fc07534c": "Artikel 13, sectie 1 h IN Participatiewet",
            "ea4fd183-4e4c-4762-8ff8-0e0e76695f41": "Artikel 13, sectie 2 a IN Participatiewet",
            "d32301ae-fd20-4c7e-9343-c30f6e7d406d": "Artikel 13, sectie 2 b IN Participatiewet",
            "c8ce8751-9ef9-4f0c-9176-fc271ae5f6fe": "Artikel 13, sectie 2 b IN Participatiewet",
            "6d5da353-d19e-48d9-a885-cd521e3b015f": "Artikel 13, sectie 2 b IN Participatiewet",
            "74412d94-9cd5-4e33-b1b4-10bb9e93c5dd": "Artikel 13, sectie 2 c IN Participatiewet",
            "7e931c05-d91e-4288-8936-24fe02301a7f": "Artikel 13, sectie 2 c 1 IN Participatiewet",
            "8c1e16e8-8a7f-429a-815b-1378e64d6a4a": "Artikel 13, sectie 2 c 2 IN Participatiewet",
            "ea7175fb-d603-4af3-8b9b-eb28cb82e3eb": "Artikel 13, sectie 2 d IN Participatiewet",
            "f94f7a1b-cb60-4a9b-9afe-66cbb7902f10": "Artikel 44, sectie 1 IN Participatiewet",
            "e627f4e5-5f4a-4dce-9c18-fe9775e9bc6b": "Artikel 44, sectie 1 IN Participatiewet",
            "409d176c-daa5-47a0-9895-097f7a1bd224": "Artikel 45, sectie 1 IN Participatiewet",
            "abe6be54-1f78-49f8-827b-dc827fa36978": "Artikel 19 sectie 1 a IN Participatiewet",
            "fed28247-1efa-4cc0-a3e1-f479a3ec5879": "Artikel 19 sectie 1 b IN Participatiewet",
            "ee4f72b4-3dcb-4a85-ac73-f7edf6ded0f4": "Artikel 19 sectie 2 IN Participatiewet",
            "cfeb6104-af30-4715-9719-a58b0c8c2f37": "Artikel 43 sectie 2 IN Participatiewet"
        },
        "feedback_extraction": {},
        "feedback_detection": {}
    },
    {
        "file": "Participatiewet_most_recent_public.json",
        "ID": "331a1f1c-9021-4e8b-8823-dfb45878aee0",
        "type": "act",
        "text": "belanghebbende meldt zich bij UWV met verzoek een besluit te nemen over diens recht op algemene bijstand",
        "precondition_texts": {
            "fb277a78-4a4f-4bd8-9640-abc0c8b8d7eb": "naam, adres en woonplaats belanghebbende zijn bij het Uitvoeringsinstituut werknemersverzekeringen zijn geregistreerd"
        },
        "text_positions": {
            "fb277a78-4a4f-4bd8-9640-abc0c8b8d7eb": "Artikel 44, sectie 2 IN Participatiewet"
        },
        "feedback_extraction": {},
        "feedback_detection": {}
    },
    {
        "file": "Participatiewet_most_recent_public.json",
        "ID": "07ec9e1a-257e-4550-a9e3-c818da505865",
        "type": "act",
        "text": "indienen verzoek van belanghebbende om een besluit te nemen over het recht op algemene bijstand door college van de gemeente waar de belanghebbende woonplaats heeft",
        "precondition_texts": {
            "0549f92c-a05d-44a7-b245-d8d45535e21e": "melding belanghebbende om algemene bijstand aan te vragen"
        },
        "text_positions": {
            "0549f92c-a05d-44a7-b245-d8d45535e21e": "Artikel 44, sectie 1 IN Participatiewet"
        },
        "feedback_extraction": {},
        "feedback_detection": {}
    }
]