[
    {
        "file": "Interpretatie_Vw_over_besluiten_op_aanvragen_voor_een_verblijfsvergunning_regulier_bepaalde_tijd.json",
        "ID": "767bd019-d22d-46fe-b50f-bf033cacd7fc",
        "type": "act",
        "text": "inwilligen aanvraag van vreemdeling tot het verlenen van een reguliere verblijfsvergunning voor bepaalde tijd door Onze Minister van Veiligheid en Justitie",
        "precondition_texts": {
            "4bc1a4da-3948-46aa-a8a5-392f9ab86522": "de verblijfsvergunning wordt verleend met ingang van de dag waarop de vreemdeling heeft aangetoond dat hij aan alle voorwaarden voldoet",
            "f4cd5c2a-3e67-4a47-8b83-786f7d214add": "de verblijfsvergunning wordt verleend met ingang van een dag eerder dan de dag waarop de aanvraag is ontvangen"
        },
        "text_positions": {
            "4bc1a4da-3948-46aa-a8a5-392f9ab86522": "Artikel 26, sectie 1 IN Vreemdelingenwet 2024",
            "f4cd5c2a-3e67-4a47-8b83-786f7d214add": "Artikel 26, sectie 1 IN Vreemdelingenwet 2024"
        },
        "feedback_extraction": {},
        "feedback_detection": {}
    },
    {
        "file": "Interpretatie_Vw_over_besluiten_op_aanvragen_voor_een_verblijfsvergunning_regulier_bepaalde_tijd.json",
        "ID": "2168d545-ef9d-4d7f-b21f-ee3fa1b0d8df",
        "type": "act",
        "text": "afwijzen aanvraag van vreemdeling tot het verlenen van een reguliere verblijfsvergunning voor bepaalde tijd door Onze Minister van Veiligheid en Justitie",
        "precondition_texts": {
            "9f6f899f-b9b0-46e2-88ff-3d083b3aa5a0": "NOT de vreemdeling beschikt over een geldige machtiging tot voorlopig verblijf die overeenkomt met het verblijfsdoel waarvoor de verblijfsvergunning is aangevraagd",
            "0723cc33-751e-4088-ba1a-7fae6b5a3006": "NOT de vreemdeling beschikt over een geldig document voor grensoverschrijding",
            "43fe2671-232c-4cc1-aac2-dc2855fdb796": "NOT de vreemdeling dan wel de persoon bij wie de vreemdeling wil verblijven, beschikt zelfstandig en duurzaam over voldoende middelen van bestaan",
            "bb462009-f320-45c8-bebf-bf2e57fb4920": "de vreemdeling een gevaar vormt voor de openbare orde of nationale veiligheid",
            "4714e879-ad2c-4037-986a-9c1bb9388856": "NOT de vreemdeling is bereid om medewerking te verlenen aan een medisch onderzoek naar een ziekte aangewezen bij of krachtens de Wet publieke gezondheid, ter bescherming van de volksgezondheid of een medische behandeling tegen een dergelijke ziekte te ondergaan",
            "a593aa87-d104-4fb7-8aab-3d9fc0ae7197": "de vreemdeling verricht arbeid voor een werkgever, zonder dat aan de Wet arbeid vreemdelingen is voldaan",
            "e116e23f-16a6-46a5-873e-2ef818170e7b": "de vreemdeling voldoet aan de beperking, verband houdende met het doel waarvoor hij wil verblijven",
            "5f370c30-0085-4094-a386-ce39e897d6c4": "NOT de vreemdeling beschikt over kennis op basisniveau van de Nederlandse taal en de Nederlandse maatschappij",
            "10d0a3cf-ed2b-4af2-833e-5d2daa301a1f": "de vreemdeling onjuiste gegevens heeft verstrekt dan wel gegevens heeft achtergehouden terwijl die gegevens tot afwijzing van een eerdere aanvraag tot het verlenen, verlengen of wijzigen van een visum of een verblijfsvergunning hebben geleid of zouden hebben geleid",
            "5cb97c0b-d778-4923-be16-128176485abd": "de vreemdeling in Nederland verblijf heeft gehouden, anders dan op grond van artikel 8 Vreemdelingenwet",
            "c9c15103-2bb6-417c-8fae-16309254d47c": "NOT ten behoeve van de vreemdeling een verklaring van een referent is overgelegd als bedoeld in artikel 2a, eerste lid Vreemdelingenwet",
            "82bf3f57-919a-4f58-b57f-a495d9b60a7a": "NOT de nadelige gevolgen van een besluit zijn, voor een of meer belanghebbenden, onevenredig in verhouding tot de met het besluit te dienen doelen "
        },
        "text_positions": {
            "9f6f899f-b9b0-46e2-88ff-3d083b3aa5a0": "Artikel 16, sectie 1 a IN Vreemdelingenwet 2024",
            "0723cc33-751e-4088-ba1a-7fae6b5a3006": "Artikel 16, sectie 1 b IN Vreemdelingenwet 2024",
            "43fe2671-232c-4cc1-aac2-dc2855fdb796": "Artikel 16, sectie 1 c IN Vreemdelingenwet 2024",
            "bb462009-f320-45c8-bebf-bf2e57fb4920": "Artikel 16, sectie 1 d IN Vreemdelingenwet 2024",
            "4714e879-ad2c-4037-986a-9c1bb9388856": "Artikel 16, sectie 1 e IN Vreemdelingenwet 2024",
            "a593aa87-d104-4fb7-8aab-3d9fc0ae7197": "Artikel 16, sectie 1 f IN Vreemdelingenwet 2024",
            "e116e23f-16a6-46a5-873e-2ef818170e7b": "Artikel 16, sectie 1 g IN Vreemdelingenwet 2024",
            "5f370c30-0085-4094-a386-ce39e897d6c4": "Artikel 16, sectie 1 hIN Vreemdelingenwet 2024",
            "10d0a3cf-ed2b-4af2-833e-5d2daa301a1f": "Artikel 16, sectie 1 i IN Vreemdelingenwet 2024",
            "5cb97c0b-d778-4923-be16-128176485abd": "Artikel 16, sectie 1 j IN Vreemdelingenwet 2024",
            "c9c15103-2bb6-417c-8fae-16309254d47c": "Artikel 16, sectie 1 k IN Vreemdelingenwet 2024",
            "82bf3f57-919a-4f58-b57f-a495d9b60a7a": "Artikel 3:4, sectie 2 IN Algemene wet bestuursrecht"
        },
        "feedback_extraction": {},
        "feedback_detection": {}
    },
    {
        "file": "Interpretatie_Vw_over_besluiten_op_aanvragen_voor_een_verblijfsvergunning_regulier_bepaalde_tijd.json",
        "ID": "0ee352d3-e7de-4df0-9f77-bc6062122dfc",
        "type": "act",
        "text": "niet in behandeling nemen aanvraag van vreemdeling tot het verlenen van een reguliere verblijfsvergunning voor bepaalde tijd door Onze Minister van Veiligheid en Justitie",
        "precondition_texts": {
            "aa969044-267c-4b75-913a-46743f44eea3": "NOT de aanvrager heeft voldaan aan alle wettelijk voorschriften voor het in behandeling nemen van de aanvraag",
            "15c10d53-5667-4a17-a002-8f5bba5bd128": "de aanvraag geheel of gedeeltelijk is geweigerd op grond van artikel 2:15 Algemene wet bestuursrecht",
            "86c44e22-2649-4978-b9d1-c7fa6b73945d": "de verstrekte gegevens en bescheiden onvoldoende zijn voor de beoordeling van de aanvraag of voor de voorbereiding van de beschikking",
            "e7f9471d-17f1-4c54-ae91-77cb1ae554f6": "een besluit om de aanvraag niet te behandelen wordt aan de aanvrager bekendgemaakt binnen vier weken nadat de aanvraag is aangevuld of nadat de daarvoor gestelde termijn ongebruikt is verstreken",
            "5cb67198-8adf-4dcf-ac16-d6772400abc2": "als betaling leges achterwege blijft, wordt de aanvraag niet in behandeling genomen "
        },
        "text_positions": {
            "aa969044-267c-4b75-913a-46743f44eea3": "Artikel 4:5, sectie 1 a IN Algemene wet bestuursrecht",
            "15c10d53-5667-4a17-a002-8f5bba5bd128": "Artikel 4:5, sectie 1 b IN Algemene wet bestuursrecht",
            "86c44e22-2649-4978-b9d1-c7fa6b73945d": "Artikel 4:5, sectie 1 c IN Algemene wet bestuursrecht",
            "e7f9471d-17f1-4c54-ae91-77cb1ae554f6": "Artikel 4:5, sectie 4 IN Algemene wet bestuursrecht",
            "5cb67198-8adf-4dcf-ac16-d6772400abc2": "Artikel 17a sectie 2 IN Vreemdelingenwet 2024"
        },
        "feedback_extraction": {},
        "feedback_detection": {}
    }
]