[
    {
        "file": "Interpretatie_Vw_over_besluiten_op_aanvragen_voor_een_verblijfsvergunning_regulier_bepaalde_tijd.json",
        "ID": "7e8d151e-a6ad-4877-85db-5eda2990ac67",
        "type": "fact",
        "text": "Onze Minister",
        "precondition_texts": {
            "341a8e52-ca51-42ec-b84e-f606887369e7": "Onze Minister in de Vreemdelingenwet en de daarop berustende bepalingen",
            "7e8d151e-a6ad-4877-85db-5eda2990ac67": "Onze Minister",
            "dd1b844c-4239-4d34-97ef-aa7022f430db": "Onze Minister van Veiligheid en Justitie"
        },
        "text_positions": {
            "341a8e52-ca51-42ec-b84e-f606887369e7": "Artikel 1 IN Vreemdelingenwet 2024",
            "7e8d151e-a6ad-4877-85db-5eda2990ac67": "Artikel 1 IN Vreemdelingenwet 2024",
            "dd1b844c-4239-4d34-97ef-aa7022f430db": "Artikel 1 IN Vreemdelingenwet 2024"
        },
        "feedback_extraction": {},
        "feedback_detection": {}
    },
    {
        "file": "Interpretatie_Vw_over_besluiten_op_aanvragen_voor_een_verblijfsvergunning_regulier_bepaalde_tijd.json",
        "ID": "87433709-4703-47ec-a236-3e064973e4c3",
        "type": "fact",
        "text": "vreemdeling",
        "precondition_texts": {
            "87433709-4703-47ec-a236-3e064973e4c3": "vreemdeling",
            "ed38a703-d325-4e29-a645-c9686c55c601": "NOT ieder die de Nederlandse nationaliteit bezit",
            "86d15d6e-b07d-417d-a031-4c5f5f2db813": "NOT ieder die op grond van een wettelijke bepaling als Nederlander moet worden behandeld"
        },
        "text_positions": {
            "87433709-4703-47ec-a236-3e064973e4c3": "Artikel 1 IN Vreemdelingenwet 2024",
            "ed38a703-d325-4e29-a645-c9686c55c601": "Artikel 1 IN Vreemdelingenwet 2024",
            "86d15d6e-b07d-417d-a031-4c5f5f2db813": "Artikel 1 IN Vreemdelingenwet 2024"
        },
        "feedback_extraction": {},
        "feedback_detection": {}
    },
    {
        "file": "Interpretatie_Vw_over_besluiten_op_aanvragen_voor_een_verblijfsvergunning_regulier_bepaalde_tijd.json",
        "ID": "4cf6080d-b56f-4f5d-8386-3be18add6b63",
        "type": "fact",
        "text": "de reguliere verblijfsvergunning voor bepaalde tijd wordt verleend met ingang van de dag waarop de vreemdeling heeft aangetoond dat hij aan alle voorwaarden voldoet, maar niet eerder dan met ingang van de dag waarop de aanvraag is ontvangen",
        "precondition_texts": {
            "4bc1a4da-3948-46aa-a8a5-392f9ab86522": "de verblijfsvergunning wordt verleend met ingang van de dag waarop de vreemdeling heeft aangetoond dat hij aan alle voorwaarden voldoet",
            "f4cd5c2a-3e67-4a47-8b83-786f7d214add": "NOT de verblijfsvergunning wordt verleend met ingang van een dag eerder dan de dag waarop de aanvraag is ontvangen",
            "9f6f899f-b9b0-46e2-88ff-3d083b3aa5a0": "de vreemdeling beschikt over een geldige machtiging tot voorlopig verblijf die overeenkomt met het verblijfsdoel waarvoor de verblijfsvergunning is aangevraagd",
            "0723cc33-751e-4088-ba1a-7fae6b5a3006": "de vreemdeling beschikt over een geldig document voor grensoverschrijding",
            "43fe2671-232c-4cc1-aac2-dc2855fdb796": "de vreemdeling dan wel de persoon bij wie de vreemdeling wil verblijven, beschikt zelfstandig en duurzaam over voldoende middelen van bestaan",
            "bb462009-f320-45c8-bebf-bf2e57fb4920": "NOT de vreemdeling een gevaar vormt voor de openbare orde of nationale veiligheid",
            "4714e879-ad2c-4037-986a-9c1bb9388856": "de vreemdeling is bereid om medewerking te verlenen aan een medisch onderzoek naar een ziekte aangewezen bij of krachtens de Wet publieke gezondheid, ter bescherming van de volksgezondheid of een medische behandeling tegen een dergelijke ziekte te ondergaan",
            "a593aa87-d104-4fb7-8aab-3d9fc0ae7197": "NOT de vreemdeling verricht arbeid voor een werkgever, zonder dat aan de Wet arbeid vreemdelingen is voldaan",
            "e116e23f-16a6-46a5-873e-2ef818170e7b": "de vreemdeling voldoet aan de beperking, verband houdende met het doel waarvoor hij wil verblijven",
            "5f370c30-0085-4094-a386-ce39e897d6c4": "de vreemdeling beschikt over kennis op basisniveau van de Nederlandse taal en de Nederlandse maatschappij",
            "10d0a3cf-ed2b-4af2-833e-5d2daa301a1f": "NOT de vreemdeling onjuiste gegevens heeft verstrekt dan wel gegevens heeft achtergehouden terwijl die gegevens tot afwijzing van een eerdere aanvraag tot het verlenen, verlengen of wijzigen van een visum of een verblijfsvergunning hebben geleid of zouden hebben geleid",
            "5cb97c0b-d778-4923-be16-128176485abd": "NOT de vreemdeling in Nederland verblijf heeft gehouden, anders dan op grond van artikel 8 Vreemdelingenwet",
            "c9c15103-2bb6-417c-8fae-16309254d47c": "ten behoeve van de vreemdeling een verklaring van een referent is overgelegd als bedoeld in artikel 2a, eerste lid Vreemdelingenwet",
            "82bf3f57-919a-4f58-b57f-a495d9b60a7a": "de nadelige gevolgen van een besluit zijn, voor een of meer belanghebbenden, onevenredig in verhouding tot de met het besluit te dienen doelen "
        },
        "text_positions": {
            "4bc1a4da-3948-46aa-a8a5-392f9ab86522": "Artikel 26 sectie 1 IN Vreemdelingenwet 2024",
            "f4cd5c2a-3e67-4a47-8b83-786f7d214add": "Artikel 26 sectie 1 IN Vreemdelingenwet 2024",
            "9f6f899f-b9b0-46e2-88ff-3d083b3aa5a0": "Artikel 16, sectie 1 a IN Vreemdelingenwet 2024",
            "0723cc33-751e-4088-ba1a-7fae6b5a3006": "Artikel 16, sectie 1 b IN Vreemdelingenwet 2024",
            "43fe2671-232c-4cc1-aac2-dc2855fdb796": "Artikel 16, sectie 1 c IN Vreemdelingenwet 2024",
            "bb462009-f320-45c8-bebf-bf2e57fb4920": "Artikel 16, sectie 1 d IN Vreemdelingenwet 2024",
            "4714e879-ad2c-4037-986a-9c1bb9388856": "Artikel 16, sectie 1 e IN Vreemdelingenwet 2024",
            "a593aa87-d104-4fb7-8aab-3d9fc0ae7197": "Artikel 16, sectie 1 f IN Vreemdelingenwet 2024",
            "e116e23f-16a6-46a5-873e-2ef818170e7b": "Artikel 16, sectie 1 g IN Vreemdelingenwet 2024",
            "5f370c30-0085-4094-a386-ce39e897d6c4": "Artikel 16, sectie 1 h IN Vreemdelingenwet 2024",
            "10d0a3cf-ed2b-4af2-833e-5d2daa301a1f": "Artikel 16, sectie 1 i IN Vreemdelingenwet 2024",
            "5cb97c0b-d778-4923-be16-128176485abd": "Artikel 16, sectie 1 j IN Vreemdelingenwet 2024",
            "c9c15103-2bb6-417c-8fae-16309254d47c": "Artikel 16, sectie 1 k IN Vreemdelingenwet 2024",
            "82bf3f57-919a-4f58-b57f-a495d9b60a7a": "Artikel 3:4, sectie 2 IN Algemene wet bestuursrecht"
        },
        "feedback_extraction": {},
        "feedback_detection": {}
    },
    {
        "file": "Interpretatie_Vw_over_besluiten_op_aanvragen_voor_een_verblijfsvergunning_regulier_bepaalde_tijd.json",
        "ID": "43fe2671-232c-4cc1-aac2-dc2855fdb796",
        "type": "fact",
        "text": "de vreemdeling dan wel de persoon bij wie de vreemdeling wil verblijven, beschikt zelfstandig en duurzaam over voldoende middelen van bestaan",
        "precondition_texts": {
            "0f78bdf4-bf24-4a96-8fd0-93a3c66e0f8f": "de vreemdeling beschikt zelfstandig en duurzaam over voldoende middelen van bestaan",
            "af92160c-df34-4894-999e-5aca49a0e47e": "de persoon bij wie de vreemdeling wil verblijven, beschikt zelfstandig en duurzaam over voldoende middelen van bestaan"
        },
        "text_positions": {
            "0f78bdf4-bf24-4a96-8fd0-93a3c66e0f8f": "Artikel 16 sectie 1 c IN Vreemdelingenwet 2024",
            "af92160c-df34-4894-999e-5aca49a0e47e": "Artikel 16 sectie 1 c IN Vreemdelingenwet 2024"
        },
        "feedback_extraction": {},
        "feedback_detection": {}
    },
    {
        "file": "Interpretatie_Vw_over_besluiten_op_aanvragen_voor_een_verblijfsvergunning_regulier_bepaalde_tijd.json",
        "ID": "aa969044-267c-4b75-913a-46743f44eea3",
        "type": "fact",
        "text": "de aanvrager heeft voldaan aan alle wettelijk voorschriften voor het in behandeling nemen van de aanvraag",
        "precondition_texts": {
            "5c9df1e1-b210-4850-b0c8-d1edcd39f957": "NOT de aanvraag of een van de daarbij behorende gegevens of bescheiden in een vreemde taal is gesteld en een vertaling daarvan voor de beoordeling van de aanvraag of voor de voorbereiding van de beschikking noodzakelijk",
            "e532243b-096a-4a66-931b-c44b84a93b05": "NOT de aanvraag of een van de daarbij behorende gegevens of bescheiden omvangrijk of ingewikkeld is en een samenvatting voor de beoordeling van de aanvraag of voor de voorbereiding van de beschikking noodzakelijk is",
            "71c02a7e-5f77-40b4-84aa-085a0a12b7a9": "de aanvraag voor een verblijfsvergunning voor bepaalde tijd houdt verband met een doel waarvoor het verblijf is toegestaan",
            "cedaf3d2-b672-4b79-8f7e-486ef236bd9a": "NOT jegens de vreemdeling geldt een inreisverbod of de vreemdeling is gesignaleerd ter fine van weigering van de toegang tot Nederland",
            "f3399faf-bca5-4b27-97ca-0cff9f4d6dd2": "NOT de vreemdeling is ongewenst verklaard",
            "1b0195ba-b2d8-4913-8a86-608f4c5ece94": "van de vreemdeling zijn een gezichtsopname en tien vingerafdrukken afgenomen en verwerkt voor het vaststellen van de identiteit met het oog op de uitvoering van de Vreemdelingenwet"
        },
        "text_positions": {
            "5c9df1e1-b210-4850-b0c8-d1edcd39f957": "Artikel 4:5, sectie 2 IN Algemene wet bestuursrecht",
            "e532243b-096a-4a66-931b-c44b84a93b05": "Artikel 4:5, sectie 3 IN Algemene wet bestuursrecht",
            "71c02a7e-5f77-40b4-84aa-085a0a12b7a9": "Artikel 14 sectie 1,3 IN Vreemdelingenwet 2024",
            "cedaf3d2-b672-4b79-8f7e-486ef236bd9a": "Artikel 66a sectie 6 IN Vreemdelingenwet 2024",
            "f3399faf-bca5-4b27-97ca-0cff9f4d6dd2": "Artikel 67 sectie 3 IN Vreemdelingenwet 2024",
            "1b0195ba-b2d8-4913-8a86-608f4c5ece94": "Artikel 106a sectie 1 IN Vreemdelingenwet 2024"
        },
        "feedback_extraction": {},
        "feedback_detection": {}
    }
]