[
    {
        "file": "Interpretatie_Vw_over_besluiten_op_aanvragen_voor_een_verblijfsvergunning_regulier_bepaalde_tijd.json",
        "ID": "767bd019-d22d-46fe-b50f-bf033cacd7fc",
        "type": "act",
        "text": "inwilligen aanvraag van vreemdeling tot het verlenen van een reguliere verblijfsvergunning voor bepaalde tijd door Onze Minister van Veiligheid en Justitie",
        "precondition_texts": {
            "4bc1a4da-3948-46aa-a8a5-392f9ab86522": "de verblijfsvergunning wordt verleend met ingang van de dag waarop de vreemdeling heeft aangetoond dat hij aan alle voorwaarden voldoet",
            "f4cd5c2a-3e67-4a47-8b83-786f7d214add": "de verblijfsvergunning wordt verleend met ingang van een dag eerder dan de dag waarop de aanvraag is ontvangen"
        },
        "text_positions": {
            "4bc1a4da-3948-46aa-a8a5-392f9ab86522": "Artikel 26, sectie 1 IN Vreemdelingenwet 2024",
            "f4cd5c2a-3e67-4a47-8b83-786f7d214add": "Artikel 26, sectie 1 IN Vreemdelingenwet 2024"
        },
        "feedback_extraction": {},
        "feedback_detection": {},
        "responses": {
            "(('include_examples', False), ('include_chain_of_thought', True))": [
                "1. De vreemdeling beschikt over een geldige machtiging tot voorlopig verblijf die overeenkomt met het verblijfsdoel waarvoor de verblijfsvergunning is aangevraagd \n\n                Positie: Artikel 16, 1a, Algemene wet bestuursrecht\n\n\n\n                2. De vreemdeling beschikt over een geldig document voor grensoverschrijding\n\n                Positie: Artikel 16, 1b, Algemene wet bestuursrecht\n\n\n\n                3. De vreemdeling zelfstandig en duurzaam beschikt over voldoende middelen van bestaan dan wel, indien de persoon bij wie de vreemdeling wil verblijven, niet zelfstandig en duurzaam beschikt over voldoende middelen van bestaan\n\n                Positie: Artikel 16, 1c, Algemene wet bestuursrecht\n\n\n\n                4. De vreemdeling niet voldoet aan de beperking, verband houdende met het doel waarvoor hij wil verblijven\n\n                Positie: Artikel 16, 1",
                "1. De vreemdeling beschikt over een geldige machtiging tot voorlopig verblijf die overeenkomt met het verblijfsdoel waarvoor de verblijfsvergunning is aangevraagd. \n\n                Positie: Artikel 16, 1a, Algemene wet bestuursrecht\n\n                2. De vreemdeling beschikt over een geldig document voor grensoverschrijding.\n\n                Positie: Artikel 16, 1b, Algemene wet bestuursrecht\n\n                3. De vreemdeling zelfstandig en duurzaam beschikt over voldoende middelen van bestaan dan wel, indien de persoon bij wie de vreemdeling wil verblijven, niet zelfstandig en duurzaam beschikt over voldoende middelen van bestaan.\n\n                Positie: Artikel 16, 1c, Algemene wet bestuursrecht\n\n                4. De vreemdeling voldoet aan de beperking, verband houdende met het doel waarvoor hij wil verblijven.\n\n                Positie: Artikel 16, 1g, Al"
            ]
        }
    },
    {
        "file": "Interpretatie_Vw_over_besluiten_op_aanvragen_voor_een_verblijfsvergunning_regulier_bepaalde_tijd.json",
        "ID": "2168d545-ef9d-4d7f-b21f-ee3fa1b0d8df",
        "type": "act",
        "text": "afwijzen aanvraag van vreemdeling tot het verlenen van een reguliere verblijfsvergunning voor bepaalde tijd door Onze Minister van Veiligheid en Justitie",
        "precondition_texts": {
            "9f6f899f-b9b0-46e2-88ff-3d083b3aa5a0": "NOT de vreemdeling beschikt over een geldige machtiging tot voorlopig verblijf die overeenkomt met het verblijfsdoel waarvoor de verblijfsvergunning is aangevraagd",
            "0723cc33-751e-4088-ba1a-7fae6b5a3006": "NOT de vreemdeling beschikt over een geldig document voor grensoverschrijding",
            "43fe2671-232c-4cc1-aac2-dc2855fdb796": "NOT de vreemdeling dan wel de persoon bij wie de vreemdeling wil verblijven, beschikt zelfstandig en duurzaam over voldoende middelen van bestaan",
            "bb462009-f320-45c8-bebf-bf2e57fb4920": "de vreemdeling een gevaar vormt voor de openbare orde of nationale veiligheid",
            "4714e879-ad2c-4037-986a-9c1bb9388856": "NOT de vreemdeling is bereid om medewerking te verlenen aan een medisch onderzoek naar een ziekte aangewezen bij of krachtens de Wet publieke gezondheid, ter bescherming van de volksgezondheid of een medische behandeling tegen een dergelijke ziekte te ondergaan",
            "a593aa87-d104-4fb7-8aab-3d9fc0ae7197": "de vreemdeling verricht arbeid voor een werkgever, zonder dat aan de Wet arbeid vreemdelingen is voldaan",
            "e116e23f-16a6-46a5-873e-2ef818170e7b": "de vreemdeling voldoet aan de beperking, verband houdende met het doel waarvoor hij wil verblijven",
            "5f370c30-0085-4094-a386-ce39e897d6c4": "NOT de vreemdeling beschikt over kennis op basisniveau van de Nederlandse taal en de Nederlandse maatschappij",
            "10d0a3cf-ed2b-4af2-833e-5d2daa301a1f": "de vreemdeling onjuiste gegevens heeft verstrekt dan wel gegevens heeft achtergehouden terwijl die gegevens tot afwijzing van een eerdere aanvraag tot het verlenen, verlengen of wijzigen van een visum of een verblijfsvergunning hebben geleid of zouden hebben geleid",
            "5cb97c0b-d778-4923-be16-128176485abd": "de vreemdeling in Nederland verblijf heeft gehouden, anders dan op grond van artikel 8 Vreemdelingenwet",
            "c9c15103-2bb6-417c-8fae-16309254d47c": "NOT ten behoeve van de vreemdeling een verklaring van een referent is overgelegd als bedoeld in artikel 2a, eerste lid Vreemdelingenwet",
            "82bf3f57-919a-4f58-b57f-a495d9b60a7a": "NOT de nadelige gevolgen van een besluit zijn, voor een of meer belanghebbenden, onevenredig in verhouding tot de met het besluit te dienen doelen "
        },
        "text_positions": {
            "9f6f899f-b9b0-46e2-88ff-3d083b3aa5a0": "Artikel 16, sectie 1 a IN Vreemdelingenwet 2024",
            "0723cc33-751e-4088-ba1a-7fae6b5a3006": "Artikel 16, sectie 1 b IN Vreemdelingenwet 2024",
            "43fe2671-232c-4cc1-aac2-dc2855fdb796": "Artikel 16, sectie 1 c IN Vreemdelingenwet 2024",
            "bb462009-f320-45c8-bebf-bf2e57fb4920": "Artikel 16, sectie 1 d IN Vreemdelingenwet 2024",
            "4714e879-ad2c-4037-986a-9c1bb9388856": "Artikel 16, sectie 1 e IN Vreemdelingenwet 2024",
            "a593aa87-d104-4fb7-8aab-3d9fc0ae7197": "Artikel 16, sectie 1 f IN Vreemdelingenwet 2024",
            "e116e23f-16a6-46a5-873e-2ef818170e7b": "Artikel 16, sectie 1 g IN Vreemdelingenwet 2024",
            "5f370c30-0085-4094-a386-ce39e897d6c4": "Artikel 16, sectie 1 hIN Vreemdelingenwet 2024",
            "10d0a3cf-ed2b-4af2-833e-5d2daa301a1f": "Artikel 16, sectie 1 i IN Vreemdelingenwet 2024",
            "5cb97c0b-d778-4923-be16-128176485abd": "Artikel 16, sectie 1 j IN Vreemdelingenwet 2024",
            "c9c15103-2bb6-417c-8fae-16309254d47c": "Artikel 16, sectie 1 k IN Vreemdelingenwet 2024",
            "82bf3f57-919a-4f58-b57f-a495d9b60a7a": "Artikel 3:4, sectie 2 IN Algemene wet bestuursrecht"
        },
        "feedback_extraction": {},
        "feedback_detection": {},
        "responses": {
            "(('include_examples', False), ('include_chain_of_thought', True))": [
                "1. De vreemdeling beschikt niet over een geldige machtiging tot voorlopig verblijf die overeenkomt met het verblijfsdoel waarvoor de verblijfsvergunning is aangevraagd.\n\n                Positie: Artikel 16, 1a, Algemene wet bestuursrecht\n\n                2. De vreemdeling beschikt niet over een geldig document voor grensoverschrijding.\n\n                Positie: Artikel 16, 1b, Algemene wet bestuursrecht\n\n                3. De vreemdeling beschikt niet zelfstandig en duurzaam over voldoende middelen van bestaan dan wel, indien de persoon bij wie de vreemdeling wil verblijven, niet zelfstandig en duurzaam beschikt over voldoende middelen van bestaan.\n\n                Positie: Artikel 16, 1c, Algemene wet bestuursrecht\n\n                4. De vreemdeling is een gevaar voor de openbare orde of nationale veiligheid.\n\n                Positie: Artikel 16, 1d, Algemene wet bestuursrecht\n\n                5. De vreemdeling weigert medewerking aan een medisch onderzoek of medische behandeling.\n\n                Positie: Artikel 16, 1e, Algemene wet bestuursrecht\n\n                6. De vreemdeling verricht werk voor een wergever zonder dat aan de Wet arbeid vreemdelingen is voldaan.\n\n                Positie: Artikel 16, 1f, Algemene wet bestuursrecht\n\n                7. De vreemdeling voldoet niet aan de beperking, verband houdende met het doel waarvoor hij wil verblijven.\n\n                Positie: Artikel 16, 1g, Algemene wet bestuursrecht\n\n                8. De vreemdeling is in Nederland verblijf gehouden anders dan op grond van artikel 8.\n\n                Positie: Artikel 16, 1j, Algemene wet bestuursrecht\n\n                9. De vreemdeling heeft onjuiste gegevens verstrekt of gegevens achtergehouden terwijl die gegevens tot afwijzing van een eerdere aanvraag tot het verlenen, verlengen of wijzigen van een visum of een verblijfsvergunning hebben geleid of zouden hebben geleid.\n\n                Positie: Artikel 16, 1i, Algemene wet bestuursrecht\n\n                10. De vreemdeling is niet inburgeringsplichtig op grond van de artikelen 3 en 4 van de Wet inburgering 2021 en beschikt niet over kennis op basisniveau van de Nederlandse taal en de Nederlandse maatschappij.\n\n                Positie: Artikel 16, 1h, Algemene wet bestuursrecht\n\n                11. De vreemdeling is in Nederland verblijf gehouden anders dan op grond van artikel 8.\n\n                Positie: Artikel 17, 1j, Vreemdelingenwet\n\n                12. De vreemdeling heeft geen verklaring van een referent overgelegd als bedoeld in artikel 2a, eerste lid.\n\n                Positie: Artikel 17, 1k, Vreemdelingenwet",
                "1. De vreemdeling beschikt niet over een geldige machtiging tot voorlopig verblijf die overeenkomt met het verblijfsdoel waarvoor de verblijfsvergunning is aangevraagd.\n\n                   Positie: Artikel 16, 1a, Algemene wet bestuursrecht\n\n                2. De vreemdeling beschikt niet over een geldig document voor grensoverschrijding.\n\n                   Positie: Artikel 16, 1b, Algemene wet bestuursrecht\n\n                3. De vreemdeling niet zelfstandig en duurzaam beschikt over voldoende middelen van bestaan dan wel, indien de persoon bij wie de vreemdeling wil verblijven, niet zelfstandig en duurzaam beschikt over voldoende middelen van bestaan.\n\n                   Positie: Artikel 16, 1c, Algemene wet bestuursrecht\n\n                4. De vreemdeling een gevaar vormt voor de openbare orde of nationale veiligheid.\n\n                   Positie: Artikel 16, 1d, Algemene wet bestuursrecht\n\n                5. De vreemdeling niet bereid is om medewerking te verlenen aan een medisch onderzoek naar een ziekte aangewezen bij of krachtens de Wet publieke gezondheid, ter bescherming van de volksgezondheid of een medische behandeling tegen een dergelijke ziekte te ondergaan.\n\n                   Positie: Artikel 16, 1e, Algemene wet bestuursrecht\n\n                6. De vreemdeling voor een werkgever arbeid verricht, zonder dat aan de Wet arbeid vreemdelingen is voldaan.\n\n                   Positie: Artikel 16, 1f, Algemene wet bestuursrecht\n\n                7. De vreemdeling niet voldoet aan de beperking, verband houdende met het doel waarvoor hij wil verblijven.\n\n                   Positie: Artikel 16, 1g, Algemene wet bestuursrecht\n\n                8. De vreemdeling, die niet behoort tot een der categorie\u00ebn, bedoeld in artikel 17, eerste lid, na verkrijging van rechtmatig verblijf in Nederland inburgeringsplichtig zou zijn op grond van de artikelen 3 en 4 van de Wet inburgering 2021 en niet beschikt over kennis op basisniveau van de Nederlandse taal en de Nederlandse maatschappij.\n\n                   Positie: Artikel 16, 1h, Algemene wet bestuursrecht\n\n                9. De vreemdeling onjuiste gegevens heeft verstrekt dan wel gegevens heeft achtergehouden terwijl die gegevens tot afwijzing van een eerdere aanvraag tot het verlenen, verlengen of wijzigen van een visum of een verblijfsvergunning hebben geleid of zouden hebben geleid.\n\n                   Positie: Artikel 16, 1i, Algemene wet bestuursrecht\n\n                10. De vreemdeling in Nederland verblijf heeft gehouden, anders dan op grond van artikel 8.\n\n                   Positie: Artikel 16, 1j, Algemene wet bestuursrecht\n\n                11. Ten behoeve van het verblijf van de vreemdeling geen verklaring van een referent is overgelegd als bedoeld in artikel 2a, eerste lid.\n\n                   Positie: Artikel 16, 1k, Algemene wet bestuursrecht\n\n                12. De vreemdeling behoort niet tot een der categorie\u00ebn, bedoeld in artikel 17, eerste lid, indien het betreft:\n\n                   a. De vreemdeling die de nationaliteit bezit van \u00e9\u00e9n der door bij regeling van Onze Minister in overeenstemming met Onze Minister van Buitenlandse Zaken aan te wijzen landen;\n\n                   Positie: Artikel 17, 1a, Vreemdelingenwet\n\n                   b. De gemeenschapsonderdaan, voorzover niet reeds vrijgesteld op grond van een aanwijzing als bedoeld onder a;\n\n                   Positie: Artikel 17, 1b, Vreemdelingenwet\n\n                   c. De vreemdeling voor wie het gelet op diens gezondheidstoestand niet verantwoord is om te reizen;\n\n                   Positie: Artikel 17, 1c, Vreemdelingenwet\n\n                   d. De vreemdeling die slachtoffer of getuige-aangever is van mensenhandel;\n\n                   Positie: Artikel 17, 1d, Vreemdelingenwet\n\n                   e. De vreemdeling die onmiddellijk voorafgaande aan de aanvraag in het bezit was van een verblijfsvergunning voor bepaalde tijd als bedoeld in artikel 28 dan wel van een verblijfsvergunning voor onbepaalde tijd als bedoeld in artikel 33;\n\n                   Positie: Artikel 17, 1e, Vreemdelingenwet\n\n                   f. De vreemdeling die tijdig een aanvraag heeft ingediend tot wijziging van een verblijfsvergunning;\n\n                   Positie: Artikel 17, 1f, Vreemdelingenwet\n\n                   g. De vreemdeling die behoort tot een bij algemene maatregel van bestuur aangewezen categorie;\n\n                   Positie: Artikel 17, 1g, Vreemdelingenwet\n\n                   h. De vreemdeling die niet behoort tot een der categorie\u00ebn, bedoeld in artikel 17, eerste lid, indien het betreft:\n\n                   i. De vreemdeling onjuiste gegevens heeft verstrekt dan wel gegevens heeft achtergehouden terwijl die gegevens tot afwijzing van een eerdere aanvraag tot het verlenen, verlengen of wijzigen van een visum of een verblijfsvergunning hebben geleid of zouden hebben geleid;\n\n                   Positie: Artikel 17, 1i, Vreemdelingenwet\n\n                   j. De vreemdeling in Nederland verblijf heeft gehouden, anders dan op grond van artikel 8.\n\n                   Positie: Artikel 17, 1j, Vreemdelingenwet\n\n                   k. ten behoeve van het verblijf van de vreemdeling geen verklaring van een referent is overgelegd als bedoeld in artikel 2a, eerste lid.\n\n                   Positie: Artikel 17, 1k, Vreemdelingenwet"
            ]
        }
    },
    {
        "file": "Interpretatie_Vw_over_besluiten_op_aanvragen_voor_een_verblijfsvergunning_regulier_bepaalde_tijd.json",
        "ID": "0ee352d3-e7de-4df0-9f77-bc6062122dfc",
        "type": "act",
        "text": "niet in behandeling nemen aanvraag van vreemdeling tot het verlenen van een reguliere verblijfsvergunning voor bepaalde tijd door Onze Minister van Veiligheid en Justitie",
        "precondition_texts": {
            "aa969044-267c-4b75-913a-46743f44eea3": "NOT de aanvrager heeft voldaan aan alle wettelijk voorschriften voor het in behandeling nemen van de aanvraag",
            "15c10d53-5667-4a17-a002-8f5bba5bd128": "de aanvraag geheel of gedeeltelijk is geweigerd op grond van artikel 2:15 Algemene wet bestuursrecht",
            "86c44e22-2649-4978-b9d1-c7fa6b73945d": "de verstrekte gegevens en bescheiden onvoldoende zijn voor de beoordeling van de aanvraag of voor de voorbereiding van de beschikking",
            "e7f9471d-17f1-4c54-ae91-77cb1ae554f6": "een besluit om de aanvraag niet te behandelen wordt aan de aanvrager bekendgemaakt binnen vier weken nadat de aanvraag is aangevuld of nadat de daarvoor gestelde termijn ongebruikt is verstreken",
            "5cb67198-8adf-4dcf-ac16-d6772400abc2": "als betaling leges achterwege blijft, wordt de aanvraag niet in behandeling genomen "
        },
        "text_positions": {
            "aa969044-267c-4b75-913a-46743f44eea3": "Artikel 4:5, sectie 1 a IN Algemene wet bestuursrecht",
            "15c10d53-5667-4a17-a002-8f5bba5bd128": "Artikel 4:5, sectie 1 b IN Algemene wet bestuursrecht",
            "86c44e22-2649-4978-b9d1-c7fa6b73945d": "Artikel 4:5, sectie 1 c IN Algemene wet bestuursrecht",
            "e7f9471d-17f1-4c54-ae91-77cb1ae554f6": "Artikel 4:5, sectie 4 IN Algemene wet bestuursrecht",
            "5cb67198-8adf-4dcf-ac16-d6772400abc2": "Artikel 17a sectie 2 IN Vreemdelingenwet 2024"
        },
        "feedback_extraction": {},
        "feedback_detection": {},
        "responses": {
            "(('include_examples', False), ('include_chain_of_thought', True))": [
                "1. De vreemdeling beschikt niet over een geldige machtiging tot voorlopig verblijf die overeenkomt met het verblijfsdoel waarvoor de verblijfsvergunning is aangevraagd.  \n\n\n                Positie: Artikel 16, sub 1a, IN Vreemdelingenwet geldig vanaf 2024\n\n                2. De vreemdeling beschikt niet over een geldig document voor grensoverschrijding.  \n\n\n                Positie: Artikel 16, sub 1b, IN Vreemdelingenwet geldig vanaf 2024\n\n                3. De vreemdeling niet zelfstandig en duurzaam beschikt over voldoende middelen van bestaan dan wel, indien de persoon bij wie de vreemdeling wil verblijven, niet zelfstandig en duurzaam beschikt over voldoende middelen van bestaan.  \n\n\n                Positie: Artikel 16, sub 1c, IN Vreemdelingenwet geldig vanaf 2024\n\n                4. De vreemdeling een gevaar vormt voor de openbare orde of nationale veiligheid.  \n\n\n                Positie: Artikel 16, sub 1d, IN Vreemdelingenwet geldig vanaf 2024\n\n                5. De vreemdeling niet bereid is om medewerking te verlenen aan een medisch onderzoek naar een ziekte aangewezen bij of krachtens de Wet publieke gezondheid, ter bescherming van de volksgezondheid of een medische behandeling tegen een dergelijke ziekte te ondergaan.  \n\n\n                Positie: Artikel 16, sub 1e, IN Vreemdelingenwet geldig vanaf 2024\n\n                Deze precondities gelden voor de act van niet in behandeling nemen aanvraag van vreemdeling tot het verlenen van een reguliere verblijfsvergunning voor bepaalde tijd door Onze Minister van Veiligheid en Justitie. Deze act kan dus alleen uitgevoerd worden als de vreemdeling wel de voorwaarden van deze precondities voldoet.",
                "1. De vreemdeling beschikt niet over een geldige machtiging tot voorlopig verblijf die overeenkomt met het verblijfsdoel waarvoor de verblijfsvergunning is aangevraagd. \n\n                Positie: Artikel 16, sub-sectie 1a, Algemene wet bestuursrecht\n\n                2. De vreemdeling beschikt niet over een geldig document voor grensoverschrijding.\n\n                Positie: Artikel 16, sub-sectie 1b, Algemene wet bestuursrecht\n\n                3. De vreemdeling niet zelfstandig en duurzaam beschikt over voldoende middelen van bestaan dan wel, indien de persoon bij wie de vreemdeling wil verblijven, niet zelfstandig en duurzaam beschikt over voldoende middelen van bestaan.\n\n                Positie: Artikel 16, sub-sectie 1c, Algemene wet bestuursrecht\n\n                4. De vreemdeling een gevaar vormt voor de openbare orde of nationale veiligheid.\n\n                Positie: Artikel 16, sub-sectie 1d, Algemene wet bestuursrecht\n\n                5. De vreemdeling niet bereid is om medewerking te verlenen aan een medisch onderzoek naar een ziekte aangewezen bij of krachtens de Wet publieke gezondheid, ter bescherming van de volksgezondheid of een medische behandeling tegen een dergelijke ziekte te ondergaan.\n\n                Positie: Artikel 16, sub-sectie 1e, Algemene wet bestuursrecht"
            ]
        }
    }
]