[
    {
        "file": "rijksbegrotingscyclus.json",
        "ID": "6e92710f-e98a-4451-ba87-bb98ee0d3b33",
        "type": "act",
        "text": "Indienen van de rijksbegroting",
        "precondition_texts": {
            "ae0e7c88-f681-41ff-82bb-280e1b0eb41c": "Wij dienen de voorstellen van wet tot vaststelling van de begrotingsstaten op de derde dinsdag van september van het jaar voorafgaande aan het begrotingsjaar in.",
            "7d0409ea-373b-467b-a234-94e26a59b851": "Tot de rijksbegroting behoren de departementale en de niet-departementale begrotingen van de ministeries en de colleges."
        },
        "text_positions": {
            "ae0e7c88-f681-41ff-82bb-280e1b0eb41c": "Artikel 2.23 sectie 1 IN Comptabiliteitswet 2016",
            "7d0409ea-373b-467b-a234-94e26a59b851": "Artikel 2.1 sectie 1 IN Comptabiliteitswet 2016"
        },
        "feedback_extraction": {},
        "feedback_detection": {},
        "responses": {
            "(('include_examples', False), ('include_chain_of_thought', True))": [
                "1. De voorstellen van wet tot vaststelling van de begrotingsstaten dienen bij de Tweede Kamer der Staten-Generaal in op de derde dinsdag van september van het jaar voorafgaande aan het begrotingsjaar. \n\n\n                Positie: Artikel 2.23, eerste lid IN Comptabiliteitswet 2016\n\n\n                2. De voorstellen van wet tot vaststelling van de begrotingsstaten kunnen door de Minister van Financi\u00ebn ingediend worden bij de Tweede Kamer der Staten-Generaal in afwijking van het eerste lid.\n\n\n                Positie: Artikel 2.23, tweede lid IN Comptabiliteitswet 2016",
                "1. Preconditie: De voorstellen van wet tot vaststelling van de begrotingsstaten moeten worden ingediend bij de Tweede Kamer der Staten-Generaal.\n \n\n                Positie: Artikel 2.23, eerste lid, IN Comptabiliteitswet 2016\n\n                2. Preconditie: De voorstellen van wet moeten worden ingediend op de derde dinsdag van september van het jaar voorafgaande aan het begrotingsjaar.\n \n\n                Positie: Artikel 2.23, eerste lid, IN Comptabiliteitswet 2016"
            ]
        }
    },
    {
        "file": "rijksbegrotingscyclus.json",
        "ID": "156de517-7741-4ba5-bff6-e3ea4d3d5eb6",
        "type": "act",
        "text": "Aanbieden van de Miljoenennota",
        "precondition_texts": {
            "ae0e7c88-f681-41ff-82bb-280e1b0eb41c": "Wij dienen de voorstellen van wet tot vaststelling van de begrotingsstaten op de derde dinsdag van september van het jaar voorafgaande aan het begrotingsjaar in.",
            "f8775f14-5ffe-4d81-a06e-1527fb4d8ff4": "De miljoenennota bevat in elk geval het budgettaire totaalbeeld, de budgettaire beschouwingen en een overzicht van de uitgaven en ontvangsten"
        },
        "text_positions": {
            "ae0e7c88-f681-41ff-82bb-280e1b0eb41c": "Artikel 2.23 sectie 1 IN Comptabiliteitswet 2016",
            "f8775f14-5ffe-4d81-a06e-1527fb4d8ff4": "Artikel 2.23 sectie 4 IN Comptabiliteitswet 2016"
        },
        "feedback_extraction": {},
        "feedback_detection": {},
        "responses": {
            "(('include_examples', False), ('include_chain_of_thought', True))": [
                "1. De voorstellen van wet tot vaststelling van de begrotingsstaten dienen de Tweede Kamer der Staten-Generaal in op de derde dinsdag van september van het jaar voorafgaande aan het begrotingsjaar.\n\n\n                Positie: Artikel 2.23, eerste lid, IN Comptabiliteitswet 2016\n\n\n                2. De Miljoenennota moet bevatten:\n\n   a. Het budgettaire totaalbeeld voor het betrokken begrotingsjaar en de vier daaropvolgende jaren van de rijksbegroting en de niet tot de rijksbegroting behorende budgetdisciplinesectoren.\n\n\n                Positie: Artikel 4.4, vierde lid, c, IN Comptabiliteitswet 2016",
                "1. De voorstellen van wet tot vaststelling van de begrotingsstaten moeten eerst ingediend worden bij de Tweede Kamer der Staten-Generaal op de derde dinsdag van september van het jaar voorafgaande aan het begrotingsjaar. \n\n                Positie: Artikel 2.23, eerste lid IN Comptabiliteitswet 2016\n\n\n                2. De Miljoenennota moet in elk geval bevatten: het budgettaire totaalbeeld voor het betrokken begrotingsjaar en de vier daaropvolgende jaren van de rijksbegroting en de niet tot de rijksbegroting behorende budgetdisciplinesectoren; de budgettaire beschouwingen over het voorgenomen beleid voor de collectieve sector; een overzicht van de uitgaven en de ontvangsten in de begrotingen voor het begrotingsjaar en de vier daarop aansluitende jaren.\n\n                Positie: Artikel 4.4, vierde lid, onderdeel d IN Comptabiliteitswet 2016"
            ]
        }
    },
    {
        "file": "rijksbegrotingscyclus.json",
        "ID": "8d4d71e7-7e9f-4d40-964d-57fe362f94c4",
        "type": "act",
        "text": "Begroting opstellen",
        "precondition_texts": {
            "9abf7b4e-fa63-4f88-a3ee-76046180238e": "Begroting bevat begrotingsstaat"
        },
        "text_positions": {
            "9abf7b4e-fa63-4f88-a3ee-76046180238e": "Artikel 2.2 IN Comptabiliteitswet 2016"
        },
        "feedback_extraction": {},
        "feedback_detection": {},
        "responses": {
            "(('include_examples', False), ('include_chain_of_thought', True))": [
                "1. Preconditie: Een minister moet een begroting opstellen voor het beleid waarvoor hij verantwoordelijk is.\n\n                   Positie: Artikel 2.2, sectie Hoofdstuk 2 IN Comptabiliteitswet 2016\n\n                2. (Geen precondities gevonden die specifiek voor de act 'begroting opstellen' zijn)\n\n                3. (Geen precondities gevonden die specifiek voor de act 'begroting opstellen' zijn)\n\n                4. (Geen precondities gevonden die specifiek",
                "1. De preconditie voor de act \"Begroting opstellen\" is dat de Ministers, ieder met betrekking tot het beleid waarvoor hij verantwoordelijk is, stellen voor de aanvang van een begrotingsjaar een begroting op.\n\n                Positie: Artikel 2.2, sectie Hoofdstuk 2 IN Comptabiliteitswet 2016"
            ]
        }
    }
]