[
  {
    "file": "Participatiewet_most_recent_public.json",
    "ID": "29f4cd4f-7fd1-412b-8ddc-69fea9271bfc",
    "type": "act",
    "text": "toekennen recht op algemene bijstand college van de gemeente waar de belanghebbende woonplaats heeft belanghebbende",
    "precondition_texts": {
      "e63a9283-6593-4c1c-a470-56aa8239ec1b": "vastgestelling hoogte algemene bijstand per kalendermaand"
    },
    "text_positions": {
      "e63a9283-6593-4c1c-a470-56aa8239ec1b": "Artikel 19, sectie 2 IN Participatiewet"
    },
    "feedback_extraction": {},
    "feedback_detection": {},
    "responses": {
      "(('include_examples', False), ('include_chain_of_thought', True))": [
        "1. Het college stelt het recht op bijstand ambtshalve vast indien:  \n   - a. het in aanmerking te nemen inkomen lager is dan de bijstandsnorm; en  \n   - b. er geen in aanmerking te nemen vermogen is.  \n\n\n                Positie: Artikel 19, sectie 1 IN Hoofdstuk 3, Algemene bijstand, § 3.1, Voorwaarden, Wet op de bijstand van de gemeenten\n\n\n                Verklaring: De precondities zijn dat het inkomen van de belanghebbende l",
        " 1. Recht op bijstand:\n\n                  Preconditie: Het in aanmerking te nemen inkomen lager is dan de bijstandsnorm.\n                  Positie: Artikel 19, 1a IN Hoofdstuk 3, Algemene bijstand, § 3.1, Voorwaarden, Wet op de Bijstandswet\n\n                  2. Recht op bijstand: Er geen in aanmerking te nemen vermogen is.\n                  Positie: Artikel 19, 1b IN Hoofdstuk 3, Algemene bijstand, § 3.1"
      ]
    }
  },
  {
    "file": "Participatiewet_most_recent_public.json",
    "ID": "4d3d4ef8-e493-4596-adde-183285f22e04",
    "type": "act",
    "text": "weigeren recht op algemene bijstand",
    "precondition_texts": {
      "d097e347-671e-42e8-8a2c-6e7ce107bcfb": "college stelt het recht op bijstand vast op schriftelijke aanvraag",
      "cfeb6104-af30-4715-9719-a58b0c8c2f37": "NOT bijstand wordt door de echtgenoten gezamenlijk aangevraagd dan wel door een van hen met schriftelijke toestemming van de ander",
      "7a2353e2-7de1-443a-a5a1-f012559c5608": "NOT belanghebbende is een in Nederland woonachtige Nederlander",
      "3299e583-3e5a-4f16-9eba-ffb439d62718": "NOT belanghebbende is een hier te lande woonachtige vreemdeling die rechtmatig in Nederland verblijf houdt in de zin van artikel 8, onderdelen a tot en met e en l, van de Vreemdelingenwet 2000",
      "6d18a490-bcbc-494a-a7a8-b18442a0fa7b": "\nbelanghebbende aan wie rechtens zijn vrijheid is ontnomen",
      "84911ff7-98a5-41e9-ba26-c6cc5a47f9f9": "belanghebbende die zich onttrekt aan de tenuitvoerlegging van een vrijheidsstraf of vrijheidsbenemende maatregel",
      "7921e157-884c-4d03-a522-d47b0db1d194": "belanghebbende die zijn militaire of vervangende dienstplicht vervult",
      "e0603329-768f-438d-94e9-5070a3bd6e7b": "belanghebbende die wegens werkstaking of uitsluiting niet deelneemt aan de arbeid, voorzover diens gebrek aan middelen daarvan het gevolg is",
      "56143d22-316d-48a9-8a49-00cb98da9c58": "belanghebbende die per kalenderjaar langer dan vier weken verblijf houdt buiten Nederland",
      "e7a191c0-9e0d-4a12-9cb9-053d6d7b08fa": "belanghebbende die bijstand vraagt ter gedeeltelijke of volledige aflossing van een schuldenlast",
      "926f81ce-b891-4eed-9f24-0d52a07f1d86": "belanghebbende die overigens bij het ontstaan van de schuldenlast dan wel nadien, beschikte of beschikt over de middelen om in de noodzakelijke kosten van het bestaan te voorzien",
      "93e4655f-7cd9-4291-b406-2750fc07534c": "belanghebbende die een uitreiziger is",
      "ea4fd183-4e4c-4762-8ff8-0e0e76695f41": "belanghebbende van 18, 19 of 20 jaar die in een inrichting verblijft",
      "74412d94-9cd5-4e33-b1b4-10bb9e93c5dd": "belanghebbende die jonger is dan 27 jaar en uit ’s Rijks kas bekostigd onderwijs kan volgen",
      "7e931c05-d91e-4288-8936-24fe02301a7f": "belanghebbende heeft in verband met volgen onderwijs aanspraak op studiefinanciering op grond van de Wet studiefinanciering 2000",
      "8c1e16e8-8a7f-429a-815b-1378e64d6a4a": "belanghebbende heeft geen aanspraak op studiefinanciering omdat hij onderwijs dat hij kan volgen onderwijs, niet volgt",
      "ea7175fb-d603-4af3-8b9b-eb28cb82e3eb": "belanghebbende die jonger is dan 27 jaar en uit wiens houding en gedragingen ondubbelzinnig blijkt dat hij de verplichtingen, bedoeld in artikel 9, eerste lid, of artikel 55 niet wil nakomen",
      "e627f4e5-5f4a-4dce-9c18-fe9775e9bc6b": "bijstand wordt toegekend voor de dag waarop de belanghebbende zich heeft gemeld om bijstand aan te vragen",
      "abe6be54-1f78-49f8-827b-dc827fa36978": "NOT het in aanmerking te nemen inkomen lager is dan de bijstandsnorm",
      "fed28247-1efa-4cc0-a3e1-f479a3ec5879": "er is in aanmerking te nemen vermogen"
    },
    "text_positions": {
      "d097e347-671e-42e8-8a2c-6e7ce107bcfb": "Artikel 43, sectie 1 IN Participatiewet",
      "cfeb6104-af30-4715-9719-a58b0c8c2f37": "Artikel 43, sectie 2 IN Participatiewet",
      "7a2353e2-7de1-443a-a5a1-f012559c5608": "Artikel 11, sectie 1 IN Participatiewet",
      "3299e583-3e5a-4f16-9eba-ffb439d62718": "Artikel 11, sectie 2 IN Participatiewet",
      "6d18a490-bcbc-494a-a7a8-b18442a0fa7b": "Artikel 13, sectie 1 a IN Participatiewet",
      "84911ff7-98a5-41e9-ba26-c6cc5a47f9f9": "Artikel 13, sectie 1 b IN Participatiewet",
      "7921e157-884c-4d03-a522-d47b0db1d194": "Artikel 13, sectie 1 c IN Participatiewet",
      "e0603329-768f-438d-94e9-5070a3bd6e7b": "Artikel 13, sectie 1 d IN Participatiewet",
      "56143d22-316d-48a9-8a49-00cb98da9c58": "Artikel 13, sectie 1 e IN Participatiewet",
      "e7a191c0-9e0d-4a12-9cb9-053d6d7b08fa": "Artikel 13, sectie 1 g IN Participatiewet",
      "926f81ce-b891-4eed-9f24-0d52a07f1d86": "Artikel 13, sectie 1 g IN Participatiewet",
      "93e4655f-7cd9-4291-b406-2750fc07534c": "Artikel 13, sectie 1 h IN Participatiewet",
      "ea4fd183-4e4c-4762-8ff8-0e0e76695f41": "Artikel 13, sectie 2 a IN Participatiewet",
      "74412d94-9cd5-4e33-b1b4-10bb9e93c5dd": "Artikel 13, sectie 2 c IN Participatiewet",
      "7e931c05-d91e-4288-8936-24fe02301a7f": "Artikel 13, sectie 2 c 1 IN Participatiewet",
      "8c1e16e8-8a7f-429a-815b-1378e64d6a4a": "Artikel 13, sectie 2 c 2 IN Participatiewet",
      "ea7175fb-d603-4af3-8b9b-eb28cb82e3eb": "Artikel 13, sectie 2 d IN Participatiewet",
      "e627f4e5-5f4a-4dce-9c18-fe9775e9bc6b": "Artikel 44, sectie 1 IN Participatiewet",
      "abe6be54-1f78-49f8-827b-dc827fa36978": "Artikel 19 sectie 1 a IN Participatiewet",
      "fed28247-1efa-4cc0-a3e1-f479a3ec5879": "Artikel 19 sectie 1 b IN Participatiewet"
    },
    "feedback_extraction": {},
    "feedback_detection": {},
    "responses": {
      "(('include_examples', False), ('include_chain_of_thought', True))": [
        "   Inhoud: <tekstfragment waarin de preconditie staat>\n\n\n                Voorbeeld:\n\n\n                Preconditie: De persoon heeft zich onttrekt aan de tenuitvoerlegging van een vrijheidsstraf of vrijheidsbenemende maatregel.\n\n                Positie: Artikel 13, sectie 1, letter b IN Hoofdstuk 3, Wet op de algemene bijstand\n\n                Inhoud: De persoon die zich onttrekt aan de tenuitvoerlegging van een vrijheidsstraf of vrijheidsbenemende maatregel heeft geen recht op bijstand.\n\n\n                Preconditie: De persoon is jonger dan 18 jaar.\n\n                Positie: Artikel 13, sectie 1, letter f IN Hoofdstuk 3, Wet op de algemene bijstand\n\n                Inhoud: De persoon die jonger is dan 18 jaar heeft geen recht op bijstand.\n\n\n                Preconditie: De persoon is een uitreiziger.\n\n                Positie: Artikel 13, sectie 1, letter h IN Hoofdstuk 3, Wet op de algemene bijstand\n\n                Inhoud: De persoon die een uitreiziger is heeft geen recht op bijstand.\n\n\n                Preconditie: De persoon heeft een schuldenlast en beschikte over de middelen om in de noodzakelijke kosten van het bestaan te voorzien.\n\n                Positie: Artikel 12, sectie 1, letter g IN Hoofdstuk 2, Wet op de algemene bijstand\n\n                Inhoud: De persoon die een schuldenlast heeft en bij het ontstaan van de schuldenlast beschikte over de middelen om in de noodzakelijke kosten van het bestaan te voorzien heeft geen recht op bijstand.\n\n\n                Preconditie: De persoon heeft rechtens zijn vrijheid ontnomen.\n\n                Positie: Artikel 13, sectie 1, letter a IN Hoofdstuk 3, Wet op de algemene bijstand\n\n                Inhoud: Geen recht op bijstand heeft degene aan wie rechtens zijn vrijheid is ontnomen.\n\n\n                Preconditie: De persoon is jonger dan 27 jaar en uitwijkt van het onderwijs.\n\n                Positie: Artikel 2, sectie 2, letter d, onderdeel 2 IN Hoofdstuk 3, Wet op de algemene bijstand\n\n                Inhoud: De persoon die jonger is dan 27 jaar en uit ’s Rijks kas bekostigd onderwijs kan volgen en: in verband daarmee aanspraak heeft op studiefinanciering op grond van de Wet studiefinanciering 2000, dan wel in verband daarmee geen aanspraak heeft op studiefinanciering en dit onderwijs niet volgt; heeft geen recht op algemene bijstand.\n\n\n                Preconditie: De persoon heeft geen recht op bijstand vanwege het feit dat hij zich onttrekt aan de arbeid.\n\n                Positie: Artikel 13, sectie 1, letter d IN Hoofdstuk 3, Wet op de algemene bijstand\n\n                Inhoud: De persoon die wegens werkstaking of uitsluiting niet deelneemt aan de arbeid, voorzover diens gebrek aan middelen daarvan het gevolg is, heeft geen recht op bijstand.\n\n\n                Preconditie: De persoon heeft een uitreiziger geweest.\n\n                Positie: Artikel 13, sectie 1, letter h IN Hoofdstuk 3, Wet op de algemene bijstand\n\n                Inhoud: De persoon die een uitreiziger is heeft geen recht op bijstand.\n\n\n                Preconditie: De persoon heeft zich in Nederland voor langer dan 4 weken buiten het land bevonden.\n\n                Positie: Artikel 13, sectie 1, letter e IN Hoofdstuk 3, Wet op de algemene bijstand\n\n                Inhoud: De persoon die per kalenderjaar langer dan vier weken verblijf houdt buiten Nederland dan wel een aaneengesloten periode van langer dan vier weken verblijf houdt buiten Nederland heeft geen recht op bijstand.\n\n\n                Preconditie: De persoon heeft een onderhoudsrecht jegens zijn ouders en kan niet deze recht maken.\n\n                Positie: Artikel 12, sectie 1, letter b IN Hoofdstuk 2, Wet op de algemene bijstand\n\n                Inhoud: De persoon die redelijkerwijs zijn onderhoudsrecht jegens zijn ouders niet te gelde kan maken heeft recht op bijzondere bijstand voorzover zijn noodzakelijke kosten van het bestaan uitgaan boven de bijstandsnorm.\n\n\n                Preconditie: De persoon heeft geen in aanmerking te nemen vermogen.\n\n                Positie: Artikel 19, sectie 1, onderdeel b IN Hoofdstuk 3, Wet op de algemene bijstand\n\n                Inhoud: De alleenstaande of het gezin heeft recht op algemene bijstand indien er geen in aanmerking te nemen vermogen is.\n\n\n                Preconditie: De persoon heeft een in aanmerking te nemen inkomen dat lager is dan de bijstandsnorm.\n\n                Positie: Artikel 19, sectie 1, onderdeel a IN Hoofdstuk 3, Wet op de algemene bijstand\n\n                Inhoud: De alleenstaande of het gezin heeft recht op algemene bijstand indien het in aanmerking te nemen inkomen lager is dan de bijstandsnorm.\n\n\n                Preconditie: De persoon heeft een kostendelende medebewoner.\n\n                Positie: Artikel 19a, sectie 1, onderdeel a IN Hoofdstuk 3, Wet op de algemene bijstand\n\n                Inhoud: In deze paragraaf wordt onder kostendelende medebewoner verstaan de persoon van 27 jaar of ouder die in dezelfde woning als de belanghebbende zijn hoofdverblijf heeft en niet: a. de echtgenoot van belanghebbende is; b. op basis van een schriftelijke overeenkomst met de belanghebbende, waarbij een commerciële prijs is overeengekomen, als verhuurder, huurder, onderverhuurder, kostgever of kostganger, niet zijnde een bloed- of aanverwant in de eerste of tweede graad van de belanghebbende, in dezelfde woning als de belanghebbende zijn hoofdverblijf heeft; c. op basis van een schriftelijke overeenkomst met een derde, waarbij een commerciële prijs is overeengekomen, als huurder, onderhuurder of kostganger in dezelfde woning als de belanghebbende zijn hoofdverblijf heeft, mits hij de overeenkomst heeft met dezelfde persoon als met wie de belanghebbende een schriftelijke overeenkomst heeft, waarbij een commerciële prijs is overeengekomen, als huurder, onderhuurder of kostganger; of d. een persoon is die: 1°. onderwijs volgt waarvoor aanspraak op studiefinanciering als bedoeld in artikel 3.1, eerste of tweede lid, van de Wet studiefinanciering 2000 kan bestaan en op enig moment tijdens dat onderwijs gelet op zijn leeftijd in aanmerking kan komen voor die studiefinanciering; 2°. onderwijs volgt waarvoor aanspraak kan bestaan op een tegemoetkoming op grond van hoofdstuk 4 van de Wet tegemoetkoming onderwijsbijdrage en schoolkosten en op enig moment tijdens dat onderwijs gelet op zijn leeftijd in aanmerking kan komen voor die tegemoetkoming; 3°. een beroepsopleiding als bedoeld in artikel 7.2.2, eerste lid, onderdelen a tot en met e, van de Wet educatie en beroepsonderwijs in de beroepsbegeleidende leerweg volgt; 4°. een vergelijkbaar soort onderwijs of beroepsopleiding als bedoeld onder 1° tot en met 3° volgt buiten Nederland, waarbij voor onder 1° en 2° geldt dat hij op enig moment tijdens dat onderwijs jonger dan 30 jaar is of in de maand van aanvang de leeftijd van 30 jaren heeft bereikt.\n\n\n                Preconditie: De persoon is gehuwd en heeft geen recht op bijstand.\n\n                Positie: Artikel 4, sectie 4 IN Hoofdstuk 2, Wet op de algemene bijstand\n\n                Inhoud: Het recht op bijstand komt de echtgenoten gezamenlijk toe, tenzij een van de echtgenoten geen recht op bijstand heeft.\n\n\n                Preconditie: De persoon is niet jonger dan 18 jaar.\n\n                Positie: Artikel 12, sectie 1 IN Hoofdstuk 2, Wet op de algemene bijstand\n\n                Inhoud: Een persoon van 18, 19 of 20 jaar heeft recht op bijzondere bijstand voorzover zijn noodzakelijke kosten van het bestaan uitgaan boven de bijstandsnorm en hij voor deze kosten geen beroep kan doen op zijn ouders, omdat: a. de middelen van de ouders daartoe niet toereikend zijn; of b. hij redelijkerwijs zijn onderhoudsrecht jegens zijn ouders niet te gelde kan maken.\n\n\n                Preconditie: De persoon heeft een vakantietoeslag.\n\n                Positie: Artikel 19, sectie 3 IN Hoofdstuk 3, Wet op de algemene bijstand\n\n                Inhoud: In de algemene bijstand is een vakantietoeslag begrepen ter hoogte van 4,8 procent [Red: per 1 januari 2009: 5 procent] van die bijstand.\n\n\n                Preconditie: De persoon is een echtgenoot en heeft een gezamenlijk inkomen dat hoger is dan de bijstandsnorm.\n\n                Positie: Artikel 19, sectie 1 IN Hoofdstuk 3, Wet op de algemene bijstand\n\n                Inhoud: De alleenstaande of het gezin heeft recht op algemene bijstand indien: a. het in aanmerking te nemen inkomen lager is dan de bijstandsnorm; en b. er geen in aanmerking te nemen vermogen is.\n\n\n                Preconditie: De persoon heeft een onderhoudsplicht.\n\n                Positie: Artikel 12, sectie 1 IN Hoofdstuk 2, Wet op de algemene bijstand\n\n                Inhoud: Een persoon van 18, 19 of 20 jaar heeft recht op bijzondere bijstand voorzover zijn noodzakelijke kosten van het bestaan uitgaan boven de bijstandsnorm en hij voor deze kosten geen beroep kan doen",
        "1. Geen recht op algemene bijstand heeft degene:  \n                    - a. aan wie rechtens zijn vrijheid is ontnomen;\n                      - Positie: Artikel 13, lid 1a, in de wetstekst Participatiewet\n                    - b. die zich onttrekt aan de tenuitvoerlegging van een vrijheidsstraf of vrijheidsbenemende maatregel;\n                      - Positie: Artikel 13, lid 1b, in de wetstekst Participatiewet\n                    - c. die zijn militaire of vervangende dienstplicht vervult;\n                      - Positie: Artikel 13, lid 1c, in de wetstekst Participatiewet\n                    - d. die wegens werkstaking of uitsluiting niet deelneemt aan de arbeid, voorzover diens gebrek aan middelen daarvan het gevolg is;\n                      - Positie: Artikel 13, lid 1d, in de wetstekst Participatiewet\n                    - e. die per kalenderjaar langer dan vier weken verblijf houdt buiten Nederland dan wel een aaneengesloten periode van langer dan vier weken verblijf houdt buiten Nederland;\n                      - Positie: Artikel 13, lid 1e, in de wetstekst Participatiewet\n                    - f. die jonger is dan 18 jaar;\n                      - Positie: Artikel 13, lid 1f, in de wetstekst Participatiewet\n                    - g. die bijstand vraagt ter gedeeltelijke of volledige aflossing van een schuldenlast en die overigens bij het ontstaan van de schuldenlast, dan wel nadien, beschikte of beschikt over de middelen om in de noodzakelijke kosten van het bestaan te voorzien;\n                      - Positie: Artikel 13, lid 1g, in de wetstekst Participatiewet\n                    - h. die een uitreiziger is.\n                      - Positie: Artikel 13, lid 1h, in de wetstekst Participatiewet\n\n\n                Ook:\n\n                - Geen recht op algemene bijstand heeft degene:  \n                    - d. die jonger is dan 27 jaar en uit ’s Rijks kas bekostigd onderwijs kan volgen en:\n                        - 1°. in verband daarmee aanspraak heeft op studiefinanciering op grond van de Wet studiefinanciering 2000, dan wel\n                          - Positie: Artikel 12, lid 2d, in de wetstekst Participatiewet\n                        - 2°. in verband daarmee geen aanspraak heeft op studiefinanciering en dit onderwijs niet volgt;\n                          - Positie: Artikel 12, lid 2d, in de wetstekst Participatiewet\n                    - e. die jonger is dan 27 jaar en uit wiens houding en gedragingen ondubbelzinnig blijkt dat hij de verplichtingen, bedoeld in artikel 9, eerste lid, of artikel 55 niet wil nakomen.\n                      - Positie: Artikel 19, lid 1d, in de wetstekst Participatiewet"
      ]
    }
  },
  {
    "file": "Participatiewet_most_recent_public.json",
    "ID": "a8e3044b-1943-4089-b6bd-78648c231759",
    "type": "act",
    "text": "betalen recht op algemene bijstand college van de gemeente waar de belanghebbende woonplaats heeft belanghebbende",
    "precondition_texts": {
      "f1baa3da-3cbb-4d1c-bd9e-ff03576f7ed3": "toekenning hoogte algemene bijstand per kalendermaand"
    },
    "text_positions": {
      "f1baa3da-3cbb-4d1c-bd9e-ff03576f7ed3": "Onbestemd"
    },
    "feedback_extraction": {},
    "feedback_detection": {},
    "responses": {
      "(('include_examples', False), ('include_chain_of_thought', True))": [
        "1. Het recht op bijstand is vastgesteld door het college (actie van het college) \n \n\n                Positie: Artikel 43, 1e lid, IN Hoofdstuk 5.1. De aanvraag, Wet bijstand 2006 \n\n                2. De belanghebbende heeft zich gemeld bij het Uitvoeringsinstituut werknemersverzekeringen en is in staat gesteld zijn aanvraag in te dienen bij het Uitvoeringsinstituut werknemersverzekeringen, als het een aanvraag betreft als bedo",
        " - De belanghebbende moet recht hebben op bijstand.\n                    Positie: Artikel 11, sectie 1 IN Participatiewet\n\n                - De belanghebbende moet zich melden om bijstand aan te vragen.\n                  Positie: Artikel 42, eerste lid IN Participatiewet\n\n                - De belanghebbende moet in aanmerking komen voor algemene bijstand.\n                  Positie: Artikel 19, eerste lid IN Participatiewet\n\n                - Het inkomen van de belanghebbende moet lager zijn"
      ]
    }
  },
  {
    "file": "Participatiewet_most_recent_public.json",
    "ID": "b511c4ce-f8b4-461a-af91-1aeb06ca9414",
    "type": "act",
    "text": "vaststellen recht op algemene bijstand college van de gemeente waar de belanghebbende woonplaats heeft belanghebbende",
    "precondition_texts": {
      "d097e347-671e-42e8-8a2c-6e7ce107bcfb": "college stelt het recht op bijstand vast op schriftelijke aanvraag",
      "44c9b766-9c9d-4893-8b97-49613d6a0443": "college stelt het recht op bijstand ambtshalve vast",
      "7a2353e2-7de1-443a-a5a1-f012559c5608": "belanghebbende is een in Nederland woonachtige Nederlander",
      "3299e583-3e5a-4f16-9eba-ffb439d62718": "belanghebbende is een hier te lande woonachtige vreemdeling die rechtmatig in Nederland verblijf houdt in de zin van artikel 8, onderdelen a tot en met e en l, van de Vreemdelingenwet 2000",
      "6d18a490-bcbc-494a-a7a8-b18442a0fa7b": "NOT belanghebbende aan wie rechtens zijn vrijheid is ontnomen",
      "84911ff7-98a5-41e9-ba26-c6cc5a47f9f9": "NOT belanghebbende die zich onttrekt aan de tenuitvoerlegging van een vrijheidsstraf of vrijheidsbenemende maatregel",
      "7921e157-884c-4d03-a522-d47b0db1d194": "NOT belanghebbende die zijn militaire of vervangende dienstplicht vervult",
      "e0603329-768f-438d-94e9-5070a3bd6e7b": "NOT belanghebbende die wegens werkstaking of uitsluiting niet deelneemt aan de arbeid, voorzover diens gebrek aan middelen daarvan het gevolg is",
      "56143d22-316d-48a9-8a49-00cb98da9c58": "NOT belanghebbende die per kalenderjaar langer dan vier weken verblijf houdt buiten Nederland",
      "4aa032ef-fff4-47c1-a537-26c0b9f07cb7": "NOT belanghebbende die jonger is dan 18 jaar",
      "e7a191c0-9e0d-4a12-9cb9-053d6d7b08fa": "belanghebbende die bijstand vraagt ter gedeeltelijke of volledige aflossing van een schuldenlast",
      "926f81ce-b891-4eed-9f24-0d52a07f1d86": "belanghebbende die overigens bij het ontstaan van de schuldenlast dan wel nadien, beschikte of beschikt over de middelen om in de noodzakelijke kosten van het bestaan te voorzien",
      "93e4655f-7cd9-4291-b406-2750fc07534c": "NOT belanghebbende die een uitreiziger is",
      "ea4fd183-4e4c-4762-8ff8-0e0e76695f41": "NOT belanghebbende van 18, 19 of 20 jaar die in een inrichting verblijft",
      "d32301ae-fd20-4c7e-9343-c30f6e7d406d": "belanghebbende die onbetaald verlof geniet als bedoeld in artikel 1, onderdeel g, van de Werkloosheidswet, voor zover diens gebrek aan middelen daarvan het gevolg is",
      "c8ce8751-9ef9-4f0c-9176-fc271ae5f6fe": "belanghebbende die gehuwd is met een persoon die onbetaald verlof geniet als bedoeld in artikel 1, onderdeel g, van de Werkloosheidswet, voor zover diens gebrek aan middelen daarvan het gevolg is",
      "6d5da353-d19e-48d9-a885-cd521e3b015f": "belanghebbende is alleenstaande ouder en geniet verlof als bedoeld in hoofdstuk 6 van de Wet arbeid en zorg",
      "74412d94-9cd5-4e33-b1b4-10bb9e93c5dd": "belanghebbende die jonger is dan 27 jaar en uit ’s Rijks kas bekostigd onderwijs kan volgen",
      "7e931c05-d91e-4288-8936-24fe02301a7f": "belanghebbende heeft in verband met volgen onderwijs aanspraak op studiefinanciering op grond van de Wet studiefinanciering 2000",
      "8c1e16e8-8a7f-429a-815b-1378e64d6a4a": "belanghebbende heeft geen aanspraak op studiefinanciering omdat hij onderwijs dat hij kan volgen onderwijs, niet volgt",
      "ea7175fb-d603-4af3-8b9b-eb28cb82e3eb": "NOT belanghebbende die jonger is dan 27 jaar en uit wiens houding en gedragingen ondubbelzinnig blijkt dat hij de verplichtingen, bedoeld in artikel 9, eerste lid, of artikel 55 niet wil nakomen",
      "f94f7a1b-cb60-4a9b-9afe-66cbb7902f10": "bijstand wordt toegekend vanaf de dag waarop dit recht is ontstaan",
      "e627f4e5-5f4a-4dce-9c18-fe9775e9bc6b": "NOT bijstand wordt toegekend voor de dag waarop de belanghebbende zich heeft gemeld om bijstand aan te vragen",
      "409d176c-daa5-47a0-9895-097f7a1bd224": "algemene bijstand wordt per kalendermaand vastgesteld",
      "abe6be54-1f78-49f8-827b-dc827fa36978": "het in aanmerking te nemen inkomen lager is dan de bijstandsnorm",
      "fed28247-1efa-4cc0-a3e1-f479a3ec5879": "NOT er is in aanmerking te nemen vermogen",
      "ee4f72b4-3dcb-4a85-ac73-f7edf6ded0f4": "de hoogte van de algemene bijstand is het verschil tussen het inkomen en de bijstandsnorm",
      "cfeb6104-af30-4715-9719-a58b0c8c2f37": "bijstand wordt door de echtgenoten gezamenlijk aangevraagd dan wel door een van hen met schriftelijke toestemming van de ander"
    },
    "text_positions": {
      "d097e347-671e-42e8-8a2c-6e7ce107bcfb": "Artikel 43, sectie 1 IN Participatiewet",
      "44c9b766-9c9d-4893-8b97-49613d6a0443": "Artikel 43, sectie 1 IN Participatiewet",
      "7a2353e2-7de1-443a-a5a1-f012559c5608": "Artikel 11, sectie 1 IN Participatiewet",
      "3299e583-3e5a-4f16-9eba-ffb439d62718": "Artikel 11, sectie 2 IN Participatiewet",
      "6d18a490-bcbc-494a-a7a8-b18442a0fa7b": "Artikel 13, sectie 1 a IN Participatiewet",
      "84911ff7-98a5-41e9-ba26-c6cc5a47f9f9": "Artikel 13, sectie 1 b IN Participatiewet",
      "7921e157-884c-4d03-a522-d47b0db1d194": "Artikel 13, sectie 1 c IN Participatiewet",
      "e0603329-768f-438d-94e9-5070a3bd6e7b": "Artikel 13, sectie 1 d IN Participatiewet",
      "56143d22-316d-48a9-8a49-00cb98da9c58": "Artikel 13, sectie 1 e IN Participatiewet",
      "4aa032ef-fff4-47c1-a537-26c0b9f07cb7": "Artikel 13, sectie 1 f IN Participatiewet",
      "e7a191c0-9e0d-4a12-9cb9-053d6d7b08fa": "Artikel 13, sectie 1 g IN Participatiewet",
      "926f81ce-b891-4eed-9f24-0d52a07f1d86": "Artikel 13, sectie 1 g IN Participatiewet",
      "93e4655f-7cd9-4291-b406-2750fc07534c": "Artikel 13, sectie 1 h IN Participatiewet",
      "ea4fd183-4e4c-4762-8ff8-0e0e76695f41": "Artikel 13, sectie 2 a IN Participatiewet",
      "d32301ae-fd20-4c7e-9343-c30f6e7d406d": "Artikel 13, sectie 2 b IN Participatiewet",
      "c8ce8751-9ef9-4f0c-9176-fc271ae5f6fe": "Artikel 13, sectie 2 b IN Participatiewet",
      "6d5da353-d19e-48d9-a885-cd521e3b015f": "Artikel 13, sectie 2 b IN Participatiewet",
      "74412d94-9cd5-4e33-b1b4-10bb9e93c5dd": "Artikel 13, sectie 2 c IN Participatiewet",
      "7e931c05-d91e-4288-8936-24fe02301a7f": "Artikel 13, sectie 2 c 1 IN Participatiewet",
      "8c1e16e8-8a7f-429a-815b-1378e64d6a4a": "Artikel 13, sectie 2 c 2 IN Participatiewet",
      "ea7175fb-d603-4af3-8b9b-eb28cb82e3eb": "Artikel 13, sectie 2 d IN Participatiewet",
      "f94f7a1b-cb60-4a9b-9afe-66cbb7902f10": "Artikel 44, sectie 1 IN Participatiewet",
      "e627f4e5-5f4a-4dce-9c18-fe9775e9bc6b": "Artikel 44, sectie 1 IN Participatiewet",
      "409d176c-daa5-47a0-9895-097f7a1bd224": "Artikel 45, sectie 1 IN Participatiewet",
      "abe6be54-1f78-49f8-827b-dc827fa36978": "Artikel 19 sectie 1 a IN Participatiewet",
      "fed28247-1efa-4cc0-a3e1-f479a3ec5879": "Artikel 19 sectie 1 b IN Participatiewet",
      "ee4f72b4-3dcb-4a85-ac73-f7edf6ded0f4": "Artikel 19 sectie 2 IN Participatiewet",
      "cfeb6104-af30-4715-9719-a58b0c8c2f37": "Artikel 43 sectie 2 IN Participatiewet"
    },
    "feedback_extraction": {},
    "feedback_detection": {},
    "responses": {
      "(('include_examples', False), ('include_chain_of_thought', True))": [
        "1. Het college stelt het recht op bijstand ambtshalve vast indien:\n                   - het in aanmerking te nemen inkomen lager is dan de bijstandsnorm; en\n                   - er geen in aanmerking te nemen vermogen is.\n                   Positie: Artikel 19, sectie 1, IN Hoofdstuk 3, Algemene bijstand, § 3.1, Wet op de Bijstand aan de arbeidsongeschikte, de arbeidsongeschikte zieke en de arbeidsongeschikte verzorgende.\n\n                2. De belanghebbende heeft zich gemeld als zijn naam, adres en woonplaats bij het Uitvoeringsinstituut werknemersverzekeringen zijn geregistreerd, en:\n                   - indien artikel 41, vierde lid, van toepassing is: hij door het Uitvoeringsinstituut werknemersverzekeringen op de hoogte is gesteld van de verplichting, bedoeld in artikel 9, eerste lid, onderdeel a, en de inhoud van artikel 41;\n                   - indien artikel 41, vierde lid, niet van toepassing is: hij in staat is gesteld zijn aanvraag in te dienen bij het Uitvoeringsinstituut werknemersverzekeringen, als het een aanvraag betreft als bedoeld in artikel 41, eerste of derde lid, of bij het college, als het een aanvraag betreft als bedoeld in artikel 41, tweede lid.\n                   Positie: Artikel 44, sectie 2, IN Hoofdstuk 5, Uitvoering, § 5.1, Wet op de Bijstand aan de arbeidsongeschikte, de arbeidsongeschikte zieke en de arbeidsongeschikte verzorgende.",
        "1. De belanghebbende moet recht hebben op bijstand \n\n                    Positie: Artikel 19, 1, a IN Hoofdstuk 3, Algemene bijstand, Wet op de sociale bijstand 2000\n\n                2. Er moet geen in aanmerking te nemen vermogen zijn \n\n                    Positie: Artikel 19, 1, b IN Hoofdstuk 3, Algemene bijstand, Wet op de sociale bijstand 2000\n\n                3. Het in aanmerking te nemen inkomen moet lager zijn dan de bijstandsnorm \n\n                    Positie: Artikel 19, 1, a IN Hoofdstuk 3, Algemene bijstand, Wet op de sociale bijstand 2000\n\n                4. De belanghebbende moet niet aan de voorwaarden van Artikel 41, vierde lid, voldoen \n\n                    Positie: Artikel 41, 4e lid IN Hoofdstuk 5, Uitvoering, Wet op de sociale bijstand 2000\n\n                5. De belanghebbende moet zich hebben gemeld bij het Uitvoeringsinstituut werknemersverzekeringen \n\n                    Positie: Artikel 44, 2, b IN Hoofdstuk 5, Uitvoering, Wet op de sociale bijstand 2000\n\n                6. De belanghebbende moet zich niet te laat melden bij het Uitvoeringsinstituut werknemersverzekeringen \n\n                    Positie: Artikel 44, 3 IN Hoofdstuk 5, Uitvoering, Wet op de sociale bijstand 2000\n\n                7. De belanghebbende moet geen recht hebben op bijstand indien zijn leeftijd jonger is dan 18 jaar \n\n                    Positie: Artikel 13, 1, f IN Hoofdstuk 2, Participatiewet, Wet op de sociale bijstand 2000\n\n                8. De belanghebbende moet geen recht hebben op bijstand indien hij een uitreiziger is \n\n                    Positie: Artikel 13, 1, h IN Hoofdstuk 2, Participatiewet, Wet op de sociale bijstand 2000\n\n                9. De belanghebbende moet geen recht hebben op bijstand indien hij per kalenderjaar langer dan vier weken buiten Nederland verblijft of een aaneengesloten periode van langer dan vier weken buiten Nederland verblijft \n\n                    Positie: Artikel 13, 1, e IN Hoofdstuk 2, Participatiewet, Wet op de sociale bijstand 2000\n\n                10. De belanghebbende moet geen recht hebben op bijstand indien hij aan de verplichtingen, bedoeld in artikel 9, eerste lid, of artikel 55 niet wil nakomen \n\n                    Positie: Artikel 13, 1, d IN Hoofdstuk 2, Participatiewet, Wet op de sociale bijstand 2000\n\n                11. De belanghebbende moet geen recht hebben op bijstand indien hij aan een vrijheidsstraf of vrijheidsbenemende maatregel ondergaat \n\n                    Positie: Artikel 13, 1, b IN Hoofdstuk 2, Participatiewet, Wet op de sociale bijstand 2000\n\n                12. De belanghebbende moet geen recht hebben op bijstand indien hij aan een werkstaking of uitsluiting deelneemt en daarvan het gebrek aan middelen daarvan het gevolg is \n\n                    Positie: Artikel 13, 1, d IN Hoofdstuk 2, Participatiewet, Wet op de sociale bijstand 2000\n\n                13. De belanghebbende moet geen recht hebben op bijstand indien hij wegens militaire of vervangende dienstplicht vervult \n\n                    Positie: Artikel 13, 1, c IN Hoofdstuk 2, Participatiewet, Wet op de sociale bijstand 2000\n\n                14. De belanghebbende moet geen recht hebben op bijstand indien hij niet redelijkerwijs zijn onderhoudsrecht jegens zijn ouders kan maken \n\n                    Positie: Artikel 12 IN Hoofdstuk 2, Participatiewet, Wet op de sociale bijstand 2000\n\n                15. De belanghebbende moet geen recht hebben op bijstand indien hij voor deze kosten geen beroep kan doen op zijn ouders, omdat de middelen van de ouders daartoe niet toereikend zijn \n\n                    Positie: Artikel 12 IN Hoofdstuk 2, Participatiewet, Wet op de sociale bijstand 2000\n\n                16. De belanghebbende moet geen recht hebben op bijstand indien hij jonger is dan 18 jaar \n\n                    Positie: Artikel 11, 1 IN Hoofdstuk 2, Participatiewet, Wet op de sociale bijstand 2000\n\n                17. De belanghebbende moet geen recht hebben op bijstand indien hij rechtmatig in Nederland verblijft in de zin van artikel 8, onderdelen a tot en met e en l, van de Vreemdelingenwet 2000, met uitzondering van de gevallen, bedoeld in artikel 24, tweede lid, van Richtlijn 2004/38/EG \n\n                    Positie: Artikel 11, 2 IN Hoofdstuk 2, Participatiewet, Wet op de sociale bijstand 2000\n\n                18. De belanghebbende moet geen recht hebben op bijstand indien hij rechtmatig in Nederland verblijft als bedoeld in artikel 8, onderdeel g of h, van de Vreemdelingenwet 2000 en zij aan de in die algemene maatregel van bestuur gestelde voorwaarden voldoen \n\n                    Positie: Artikel 11, 3 IN Hoofdstuk 2, Participatiewet, Wet op de sociale bijstand 2000\n\n                19. De belanghebbende moet geen recht hebben op bijstand indien hij aan de in die algemene maatregel van bestuur gestelde voorwaarden niet voldoet \n\n                    Positie: Artikel 11, 3 IN Hoofdstuk 2, Participatiewet, Wet op de sociale bijstand 2000\n\n                20. De belanghebbende moet geen recht hebben op bijstand indien hij geen recht heeft op bijstand \n\n                    Positie: Artikel 14 IN Hoofdstuk 2, Participatiewet, Wet op de sociale bijstand 2000\n\n                21. De belanghebbende moet geen recht hebben op bijstand indien hij aan de verplichtingen, bedoeld in artikel 9, eerste lid, niet wil nakomen \n\n                    Positie: Artikel 14 IN Hoofdstuk 2, Participatiewet, Wet op de sociale bijstand 2000\n\n                22. De belanghebbende moet geen recht hebben op bijstand indien hij aan de verplichtingen, bedoeld in artikel 55, niet wil nakomen \n\n                    Positie: Artikel 14 IN Hoofdstuk 2, Participatiewet, Wet op de sociale bijstand 2000\n\n                23. De belanghebbende moet geen recht hebben op bijstand indien hij niet in aanmerking komt voor een tegemoetkoming op grond van hoofdstuk 4 van de Wet tegemoetkoming onderwijsbijdrage en schoolkosten \n\n                    Positie: Artikel 20, 2, d IN Hoofdstuk 3, Algemene bijstand, Wet op de sociale bijstand 2000\n\n                24. De belanghebbende moet geen recht hebben op bijstand indien hij jonger is dan 27 jaar en uit ’s Rijks kas bekostigd onderwijs kan volgen en: \n\n                    Positie: Artikel 20, 2, c IN Hoofdstuk 3, Algemene bijstand, Wet op de sociale bijstand 2000\n\n                25. De belanghebbende moet geen recht hebben op bijstand indien hij jonger is dan 27 jaar en uit wiens houding en gedragingen ondubbelzinnig blijkt dat hij de verplichtingen, bedoeld in artikel 9, eerste lid, of artikel 55 niet wil nakomen \n\n                    Positie: Artikel 20, 2, d IN Hoofdstuk 3, Algemene bijstand, Wet op de sociale bijstand 2000\n\n                26. De belanghebbende moet geen recht hebben op bijstand indien hij een uitreiziger is \n\n                    Positie: Artikel 20, 2, g IN Hoofdstuk 3, Algemene bijstand, Wet op de sociale bijstand 2000\n\n                27. De belanghebbende moet geen recht hebben op bijstand indien hij per kalenderjaar langer dan vier weken buiten Nederland verblijft dan wel een aaneengesloten periode van langer dan vier weken buiten Nederland verblijft \n\n                    Positie: Artikel 20, 2, e IN Hoofdstuk 3, Algemene bijstand, Wet op de sociale bijstand 2000\n\n                28. De belanghebbende moet geen recht hebben op bijstand indien hij jonger is dan 18 jaar \n\n                    Positie: Artikel 11, 1 IN Hoofdstuk 2, Participatiewet, Wet op de sociale bijstand 2000"
      ]
    }
  },
  {
    "file": "Participatiewet_most_recent_public.json",
    "ID": "331a1f1c-9021-4e8b-8823-dfb45878aee0",
    "type": "act",
    "text": "belanghebbende meldt zich bij UWV met verzoek een besluit te nemen over diens recht op algemene bijstand",
    "precondition_texts": {
      "fb277a78-4a4f-4bd8-9640-abc0c8b8d7eb": "naam, adres en woonplaats belanghebbende zijn bij het Uitvoeringsinstituut werknemersverzekeringen zijn geregistreerd"
    },
    "text_positions": {
      "fb277a78-4a4f-4bd8-9640-abc0c8b8d7eb": "Artikel 44, sectie 2 IN Participatiewet"
    },
    "feedback_extraction": {},
    "feedback_detection": {},
    "responses": {
      "(('include_examples', False), ('include_chain_of_thought', True))": [
        "1. De belanghebbende moet een recht op bijstand hebben. \n\n                  Positie: Artikel 11, sectie 1 IN Particpatiewet \n\n                 2. Het inkomen van de belanghebbende moet lager zijn dan de bijstandsnorm. \n\n                  Positie: Artikel 19, paragraaf 1, onderdeel a IN Hoofdstuk 3, sectie 1.2 IN Particpatiewet \n\n                 3. Er moet geen in aanmerking te nemen vermogen zijn. \n\n                 ",
        "1. De belanghebbende moet zich melden bij het Uitvoeringsinstituut werknemersverzekeringen en is geregistreerd als zijn naam, adres en woonplaats bij het Uitvoeringsinstituut werknemersverzekeringen. \n \n\n                Positie: Artikel 44, 2, b, IN Hoofdstuk 5. Uitvoering, § 5.1. De aanvraag, IN Participatiewet."
      ]
    }
  },
  {
    "file": "Participatiewet_most_recent_public.json",
    "ID": "07ec9e1a-257e-4550-a9e3-c818da505865",
    "type": "act",
    "text": "indienen verzoek van belanghebbende om een besluit te nemen over het recht op algemene bijstand door college van de gemeente waar de belanghebbende woonplaats heeft",
    "precondition_texts": {
      "0549f92c-a05d-44a7-b245-d8d45535e21e": "melding belanghebbende om algemene bijstand aan te vragen"
    },
    "text_positions": {
      "0549f92c-a05d-44a7-b245-d8d45535e21e": "Artikel 44, sectie 1 IN Participatiewet"
    },
    "feedback_extraction": {},
    "feedback_detection": {},
    "responses": {
      "(('include_examples', False), ('include_chain_of_thought', True))": [
        " - De belanghebbende moet een schriftelijke aanvraag indienen.\n                    Positie: Artikel 43, 1ste lid, IN Hoofdstuk 5.1, De aanvraag, van de Participatiewet\n                  - De aanvraag moet worden ingediend door een van de echtgenoten met schriftelijke toestemming van de ander.\n                    Positie: Artikel 43, 2de lid, IN Hoofdstuk 5.1, De aanvraag, van de Participatiewet\n                  - De aanvraag moet worden ing",
        "1. Een aanvraag om algemene bijstand dienen te worden ingediend door de belanghebbende bij het college van de gemeente waar de belanghebbende woonplaats heeft. \n\n                Positie: Artikel 43, § 5.1, Artikel 44, Artikel 45 van de Wet op de sociale verzekeringen 2005\n\n                Deze preconditie is te vinden in artikel 43, § 5.1, waar het college stelt het recht op bijstand ambtshalve vast indien een van de echtgenoten niet met"
      ]
    }
  },
  {
    "file": "rijksbegrotingscyclus.json",
    "ID": "6e92710f-e98a-4451-ba87-bb98ee0d3b33",
    "type": "act",
    "text": "Indienen van de rijksbegroting",
    "precondition_texts": {
      "ae0e7c88-f681-41ff-82bb-280e1b0eb41c": "Wij dienen de voorstellen van wet tot vaststelling van de begrotingsstaten op de derde dinsdag van september van het jaar voorafgaande aan het begrotingsjaar in.",
      "7d0409ea-373b-467b-a234-94e26a59b851": "Tot de rijksbegroting behoren de departementale en de niet-departementale begrotingen van de ministeries en de colleges."
    },
    "text_positions": {
      "ae0e7c88-f681-41ff-82bb-280e1b0eb41c": "Artikel 2.23 sectie 1 IN Comptabiliteitswet 2016",
      "7d0409ea-373b-467b-a234-94e26a59b851": "Artikel 2.1 sectie 1 IN Comptabiliteitswet 2016"
    },
    "feedback_extraction": {},
    "feedback_detection": {},
    "responses": {
      "(('include_examples', False), ('include_chain_of_thought', True))": [
        "1. De voorstellen van wet tot vaststelling van de begrotingsstaten dienen bij de Tweede Kamer der Staten-Generaal in op de derde dinsdag van september van het jaar voorafgaande aan het begrotingsjaar. \n\n\n                Positie: Artikel 2.23, eerste lid IN Comptabiliteitswet 2016\n\n\n                2. De voorstellen van wet tot vaststelling van de begrotingsstaten kunnen door de Minister van Financiën ingediend worden bij de Tweede Kamer der Staten-Generaal in afwijking van het eerste lid.\n\n\n                Positie: Artikel 2.23, tweede lid IN Comptabiliteitswet 2016",
        "1. Preconditie: De voorstellen van wet tot vaststelling van de begrotingsstaten moeten worden ingediend bij de Tweede Kamer der Staten-Generaal.\n \n\n                Positie: Artikel 2.23, eerste lid, IN Comptabiliteitswet 2016\n\n                2. Preconditie: De voorstellen van wet moeten worden ingediend op de derde dinsdag van september van het jaar voorafgaande aan het begrotingsjaar.\n \n\n                Positie: Artikel 2.23, eerste lid, IN Comptabiliteitswet 2016"
      ]
    }
  },
  {
    "file": "rijksbegrotingscyclus.json",
    "ID": "156de517-7741-4ba5-bff6-e3ea4d3d5eb6",
    "type": "act",
    "text": "Aanbieden van de Miljoenennota",
    "precondition_texts": {
      "ae0e7c88-f681-41ff-82bb-280e1b0eb41c": "Wij dienen de voorstellen van wet tot vaststelling van de begrotingsstaten op de derde dinsdag van september van het jaar voorafgaande aan het begrotingsjaar in.",
      "f8775f14-5ffe-4d81-a06e-1527fb4d8ff4": "De miljoenennota bevat in elk geval het budgettaire totaalbeeld, de budgettaire beschouwingen en een overzicht van de uitgaven en ontvangsten"
    },
    "text_positions": {
      "ae0e7c88-f681-41ff-82bb-280e1b0eb41c": "Artikel 2.23 sectie 1 IN Comptabiliteitswet 2016",
      "f8775f14-5ffe-4d81-a06e-1527fb4d8ff4": "Artikel 2.23 sectie 4 IN Comptabiliteitswet 2016"
    },
    "feedback_extraction": {},
    "feedback_detection": {},
    "responses": {
      "(('include_examples', False), ('include_chain_of_thought', True))": [
        "1. De voorstellen van wet tot vaststelling van de begrotingsstaten dienen de Tweede Kamer der Staten-Generaal in op de derde dinsdag van september van het jaar voorafgaande aan het begrotingsjaar.\n\n\n                Positie: Artikel 2.23, eerste lid, IN Comptabiliteitswet 2016\n\n\n                2. De Miljoenennota moet bevatten:\n\n   a. Het budgettaire totaalbeeld voor het betrokken begrotingsjaar en de vier daaropvolgende jaren van de rijksbegroting en de niet tot de rijksbegroting behorende budgetdisciplinesectoren.\n\n\n                Positie: Artikel 4.4, vierde lid, c, IN Comptabiliteitswet 2016",
        "1. De voorstellen van wet tot vaststelling van de begrotingsstaten moeten eerst ingediend worden bij de Tweede Kamer der Staten-Generaal op de derde dinsdag van september van het jaar voorafgaande aan het begrotingsjaar. \n\n                Positie: Artikel 2.23, eerste lid IN Comptabiliteitswet 2016\n\n\n                2. De Miljoenennota moet in elk geval bevatten: het budgettaire totaalbeeld voor het betrokken begrotingsjaar en de vier daaropvolgende jaren van de rijksbegroting en de niet tot de rijksbegroting behorende budgetdisciplinesectoren; de budgettaire beschouwingen over het voorgenomen beleid voor de collectieve sector; een overzicht van de uitgaven en de ontvangsten in de begrotingen voor het begrotingsjaar en de vier daarop aansluitende jaren.\n\n                Positie: Artikel 4.4, vierde lid, onderdeel d IN Comptabiliteitswet 2016"
      ]
    }
  },
  {
    "file": "rijksbegrotingscyclus.json",
    "ID": "8d4d71e7-7e9f-4d40-964d-57fe362f94c4",
    "type": "act",
    "text": "Begroting opstellen",
    "precondition_texts": {
      "9abf7b4e-fa63-4f88-a3ee-76046180238e": "Begroting bevat begrotingsstaat"
    },
    "text_positions": {
      "9abf7b4e-fa63-4f88-a3ee-76046180238e": "Artikel 2.2 IN Comptabiliteitswet 2016"
    },
    "feedback_extraction": {},
    "feedback_detection": {},
    "responses": {
      "(('include_examples', False), ('include_chain_of_thought', True))": [
        "1. Preconditie: Een minister moet een begroting opstellen voor het beleid waarvoor hij verantwoordelijk is.\n\n                   Positie: Artikel 2.2, sectie Hoofdstuk 2 IN Comptabiliteitswet 2016\n\n                2. (Geen precondities gevonden die specifiek voor de act 'begroting opstellen' zijn)\n\n                3. (Geen precondities gevonden die specifiek voor de act 'begroting opstellen' zijn)\n\n                4. (Geen precondities gevonden die specifiek",
        "1. De preconditie voor de act \"Begroting opstellen\" is dat de Ministers, ieder met betrekking tot het beleid waarvoor hij verantwoordelijk is, stellen voor de aanvang van een begrotingsjaar een begroting op.\n\n                Positie: Artikel 2.2, sectie Hoofdstuk 2 IN Comptabiliteitswet 2016"
      ]
    }
  }
]