[
  {
    "file": "rijksbegrotingscyclus.json",
    "ID": "6e92710f-e98a-4451-ba87-bb98ee0d3b33",
    "type": "act",
    "text": "Indienen van de rijksbegroting",
    "precondition_texts": {
      "ae0e7c88-f681-41ff-82bb-280e1b0eb41c": "Wij dienen de voorstellen van wet tot vaststelling van de begrotingsstaten op de derde dinsdag van september van het jaar voorafgaande aan het begrotingsjaar in.",
      "7d0409ea-373b-467b-a234-94e26a59b851": "Tot de rijksbegroting behoren de departementale en de niet-departementale begrotingen van de ministeries en de colleges."
    },
    "text_positions": {
      "ae0e7c88-f681-41ff-82bb-280e1b0eb41c": "Artikel 2.23 sectie 1 IN Comptabiliteitswet 2016",
      "7d0409ea-373b-467b-a234-94e26a59b851": "Artikel 2.1 sectie 1 IN Comptabiliteitswet 2016"
    },
    "feedback_extraction": {},
    "feedback_detection": {},
    "responses": {
      "(('include_examples', False), ('include_chain_of_thought', True))": [
        "1. De voorstellen van wet tot vaststelling van de begrotingsstaten dienen bij de Tweede Kamer der Staten-Generaal in op de derde dinsdag van september van het jaar voorafgaande aan het begrotingsjaar. \n\n\n                Positie: Artikel 2.23, eerste lid IN Comptabiliteitswet 2016\n\n\n                2. De voorstellen van wet tot vaststelling van de begrotingsstaten kunnen door de Minister van Financiën ingediend worden bij de Tweede Kamer der Staten-Generaal in afwijking van het eerste lid.\n\n\n                Positie: Artikel 2.23, tweede lid IN Comptabiliteitswet 2016",
        "1. Preconditie: De voorstellen van wet tot vaststelling van de begrotingsstaten moeten worden ingediend bij de Tweede Kamer der Staten-Generaal.\n \n\n                Positie: Artikel 2.23, eerste lid, IN Comptabiliteitswet 2016\n\n                2. Preconditie: De voorstellen van wet moeten worden ingediend op de derde dinsdag van september van het jaar voorafgaande aan het begrotingsjaar.\n \n\n                Positie: Artikel 2.23, eerste lid, IN Comptabiliteitswet 2016"
      ]
    }
  },
  {
    "file": "rijksbegrotingscyclus.json",
    "ID": "156de517-7741-4ba5-bff6-e3ea4d3d5eb6",
    "type": "act",
    "text": "Aanbieden van de Miljoenennota",
    "precondition_texts": {
      "ae0e7c88-f681-41ff-82bb-280e1b0eb41c": "Wij dienen de voorstellen van wet tot vaststelling van de begrotingsstaten op de derde dinsdag van september van het jaar voorafgaande aan het begrotingsjaar in.",
      "f8775f14-5ffe-4d81-a06e-1527fb4d8ff4": "De miljoenennota bevat in elk geval het budgettaire totaalbeeld, de budgettaire beschouwingen en een overzicht van de uitgaven en ontvangsten"
    },
    "text_positions": {
      "ae0e7c88-f681-41ff-82bb-280e1b0eb41c": "Artikel 2.23 sectie 1 IN Comptabiliteitswet 2016",
      "f8775f14-5ffe-4d81-a06e-1527fb4d8ff4": "Artikel 2.23 sectie 4 IN Comptabiliteitswet 2016"
    },
    "feedback_extraction": {},
    "feedback_detection": {},
    "responses": {
      "(('include_examples', False), ('include_chain_of_thought', True))": [
        "1. De voorstellen van wet tot vaststelling van de begrotingsstaten dienen de Tweede Kamer der Staten-Generaal in op de derde dinsdag van september van het jaar voorafgaande aan het begrotingsjaar.\n\n\n                Positie: Artikel 2.23, eerste lid, IN Comptabiliteitswet 2016\n\n\n                2. De Miljoenennota moet bevatten:\n\n   a. Het budgettaire totaalbeeld voor het betrokken begrotingsjaar en de vier daaropvolgende jaren van de rijksbegroting en de niet tot de rijksbegroting behorende budgetdisciplinesectoren.\n\n\n                Positie: Artikel 4.4, vierde lid, c, IN Comptabiliteitswet 2016",
        "1. De voorstellen van wet tot vaststelling van de begrotingsstaten moeten eerst ingediend worden bij de Tweede Kamer der Staten-Generaal op de derde dinsdag van september van het jaar voorafgaande aan het begrotingsjaar. \n\n                Positie: Artikel 2.23, eerste lid IN Comptabiliteitswet 2016\n\n\n                2. De Miljoenennota moet in elk geval bevatten: het budgettaire totaalbeeld voor het betrokken begrotingsjaar en de vier daaropvolgende jaren van de rijksbegroting en de niet tot de rijksbegroting behorende budgetdisciplinesectoren; de budgettaire beschouwingen over het voorgenomen beleid voor de collectieve sector; een overzicht van de uitgaven en de ontvangsten in de begrotingen voor het begrotingsjaar en de vier daarop aansluitende jaren.\n\n                Positie: Artikel 4.4, vierde lid, onderdeel d IN Comptabiliteitswet 2016"
      ]
    }
  },
  {
    "file": "rijksbegrotingscyclus.json",
    "ID": "8d4d71e7-7e9f-4d40-964d-57fe362f94c4",
    "type": "act",
    "text": "Begroting opstellen",
    "precondition_texts": {
      "9abf7b4e-fa63-4f88-a3ee-76046180238e": "Begroting bevat begrotingsstaat"
    },
    "text_positions": {
      "9abf7b4e-fa63-4f88-a3ee-76046180238e": "Artikel 2.2 IN Comptabiliteitswet 2016"
    },
    "feedback_extraction": {},
    "feedback_detection": {},
    "responses": {
      "(('include_examples', False), ('include_chain_of_thought', True))": [
        "1. Preconditie: Een minister moet een begroting opstellen voor het beleid waarvoor hij verantwoordelijk is.\n\n                   Positie: Artikel 2.2, sectie Hoofdstuk 2 IN Comptabiliteitswet 2016\n\n                2. (Geen precondities gevonden die specifiek voor de act 'begroting opstellen' zijn)\n\n                3. (Geen precondities gevonden die specifiek voor de act 'begroting opstellen' zijn)\n\n                4. (Geen precondities gevonden die specifiek",
        "1. De preconditie voor de act \"Begroting opstellen\" is dat de Ministers, ieder met betrekking tot het beleid waarvoor hij verantwoordelijk is, stellen voor de aanvang van een begrotingsjaar een begroting op.\n\n                Positie: Artikel 2.2, sectie Hoofdstuk 2 IN Comptabiliteitswet 2016"
      ]
    }
  },
  {
    "file": "rijksbegrotingscyclus.json",
    "ID": "ad7b0b02-aaf0-440c-901e-615a68aaf25c",
    "type": "fact",
    "text": "De opsteller is de minister van Binnenlandse Zaken en Koninkrijksrelaties",
    "precondition_texts": {
      "90e14f7a-999a-4bbb-b0dd-77e5b4b04a7c": "De opsteller is de minister van Binnenlandse Zaken en de begroting is voor de Staten-Generaal",
      "e7505465-c282-4436-9e60-82ac4397073c": "De opsteller is de minister van Binnenlandse Zaken en Koninkrijksrelaties en de begroting is voor de Raad van State",
      "b9a79d1b-b2d2-4813-97fc-7d92a1d31377": "De opsteller is de minister van Binnenlandse Zaken en Koninkrijksrelaties en de begroting is voor de Algemene Rekenkamer",
      "c13e5169-7c21-4572-8bff-22c2a42e5bc2": "De opsteller is de minister van Binnenlandse Zaken en Koninkrijksrelaties en de begroting is voor de Nationale ombudsman",
      "36e956cb-435e-44d0-be5a-feeb47fa9ec2": "De opsteller is de minister van Binnenlandse Zaken en Koninkrijksrelaties en de begroting is voor de kanselarij der Nederlandse Orden",
      "01884152-4fb5-418f-8853-aaba5760091c": "De opsteller is de minister van Binnenlandse Zaken en Koninkrijksrelaties en de begroting is voor het Kabinet van de Gouverneur van Aruba",
      "e85df275-e7e4-4301-ad5a-74a346a23e17": "De opsteller is de minister van Binnenlandse Zaken en Koninkrijksrelaties en de begroting is voor het Kabinet van de Gouverneur van Curaçao",
      "e886cc5c-ff80-4558-96cb-b99940cb47a6": "De opsteller is de minister van Binnenlandse Zaken en Koninkrijksrelaties en de begroting is voor het Kabinet van de Gouverneur van Sint Maarten",
      "6bba0829-5d0a-4077-b939-512b424c7cff": "De opsteller is de minister van Binnenlandse Zaken en Koninkrijksrelaties en de begroting is voor de Kiesraad"
    },
    "text_positions": {
      "90e14f7a-999a-4bbb-b0dd-77e5b4b04a7c": "Artikel 4.4 sectie 2 IN Comptabiliteitswet 2016",
      "e7505465-c282-4436-9e60-82ac4397073c": "Artikel 4.4 sectie 2 IN Comptabiliteitswet 2016",
      "b9a79d1b-b2d2-4813-97fc-7d92a1d31377": "Artikel 4.4 sectie 2 IN Comptabiliteitswet 2016",
      "c13e5169-7c21-4572-8bff-22c2a42e5bc2": "Artikel 4.4 sectie 2 IN Comptabiliteitswet 2016",
      "36e956cb-435e-44d0-be5a-feeb47fa9ec2": "Artikel 4.4 sectie 2 IN Comptabiliteitswet 2016",
      "01884152-4fb5-418f-8853-aaba5760091c": "Artikel 4.4 sectie 2 IN Comptabiliteitswet 2016",
      "e85df275-e7e4-4301-ad5a-74a346a23e17": "Artikel 4.4 sectie 2 IN Comptabiliteitswet 2016",
      "e886cc5c-ff80-4558-96cb-b99940cb47a6": "Artikel 4.4 sectie 2 IN Comptabiliteitswet 2016",
      "6bba0829-5d0a-4077-b939-512b424c7cff": "Artikel 4.4 sectie 2 IN Comptabiliteitswet 2016"
    },
    "feedback_extraction": {},
    "feedback_detection": {},
    "responses": {
      "(('include_examples', False), ('include_chain_of_thought', True))": [
        "                   Inhoud: <inhoud van de subfact>\n\n\n                Subfact: De minister van Binnenlandse Zaken en Koninkrijksrelaties is verantwoordelijk voor het beheer van de begroting van koninkrijksrelaties. \n\n                Positie: Artikel 4.3.2 IN Comptabiliteitswet 2016\n\n                Inhoud: Onze Minister van Binnenlandse Zaken en Koninkrijksrelaties is verantwoordelijk voor het beheer van de begroting van koninkrijksrelaties.\n\n\n                Subfact: De minister van Binnenlandse Zaken en Koninkrijksrelaties is verantwoordelijk voor het beheer van de begrotingen van de Staten-Generaal, de Raad van State, de Algemene Rekenkamer, de Nationale ombudsman, de Kanselarij der Nederlandse Orden, het Kabinet van de Gouverneur van Aruba, het Kabinet van de Gouverneur van Curaçao, het Kabinet van de Gouverneur van Sint Maarten en de Kiesraad.\n\n                Positie: Artikel 4.4.2 IN Comptabiliteitswet 2016\n\n                Inhoud: Onze Minister van Binnenlandse Zaken en Koninkrijksrelaties is verantwoordelijk voor het beheer van de begrotingen van de Staten-Generaal, de Raad van State, de Algemene Rekenkamer, de Nationale ombudsman, de Kanselarij der Nederlandse Orden, het Kabinet van de Gouverneur van Aruba, het Kabinet van de Gouverneur van Curaçao, het Kabinet van de Gouverneur van Sint Maarten en de Kiesraad.",
        " Inhoud: <inhoud>\n\n\n\n                Subfact: De minister van Binnenlandse Zaken en Koninkrijksrelaties is verantwoordelijk voor het beheer van de begrotingen van de Staten-Generaal, de Raad van State, de Algemene Rekenkamer, de Nationale ombudsman, de Kanselarij der Nederlandse Orden, het Kabinet van de Gouverneur van Aruba, het Kabinet van de Gouverneur van Curaçao, het Kabinet van de Gouverneur van Sint Maarten en de Kiesraad.\n\n                Positie: Artikel 4.4, sectie 2 IN Rijksbegrotingswet 2016\n\n                Inhoud: Onze Minister van Binnenlandse Zaken en Koninkrijksrelaties is verantwoordelijk voor het beheer van de begrotingen van de Staten-Generaal, de Raad van State, de Algemene Rekenkamer, de Nationale ombudsman, de Kanselarij der Nederlandse Orden, het Kabinet van de Gouverneur van Aruba, het Kabinet van de Gouverneur van Curaçao, het Kabinet van de Gouverneur van Sint Maarten en de Kiesraad.\n\n                Subfact: De minister van Binnenlandse Zaken en Koninkrijksrelaties is verantwoordelijk voor het beheer van de begroting van koninkrijksrelaties.\n\n                Positie: Artikel 4.3, sectie 2 IN Rijksbegrotingswet 2016\n\n                Inhoud: Onze Minister van Binnenlandse Zaken en Koninkrijksrelaties is verantwoordelijk voor het beheer van de begroting van koninkrijksrelaties.\n\n                Subfact: De minister van Binnenlandse Zaken en Koninkrijksrelaties is verantwoordelijk voor het beheer van de begrotingen van de Staten-Generaal.\n\n                Positie: Artikel 4.4, sectie 2 IN Rijksbegrotingswet 2016\n\n                Inhoud: De minister van Binnenlandse Zaken en Koninkrijksrelaties is verantwoordelijk voor het beheer van de begrotingen van de Staten-Generaal.\n\n                Subfact: De minister van Binnenlandse Zaken en Koninkrijksrelaties is verantwoordelijk voor het beheer van de begroting van de Raad van State.\n\n                Positie: Artikel 4.4, sectie 2 IN Rijksbegrotingswet 2016\n\n                Inhoud: De minister van Binnenlandse Zaken en Koninkrijksrelaties is verantwoordelijk voor het beheer van de begroting van de Raad van State.\n\n                Subfact: De minister van Binnenlandse Zaken en Koninkrijksrelaties is verantwoordelijk voor het beheer van de begroting van de Algemene Rekenkamer.\n\n                Positie: Artikel 4.4, sectie 2 IN Rijksbegrotingswet 2016\n\n                Inhoud: De minister van Binnenlandse Zaken en Koninkrijksrelaties is verantwoordelijk voor het beheer van de begroting van de Algemene Rekenkamer.\n\n                Subfact: De minister van Binnenlandse Zaken en Koninkrijksrelaties is verantwoordelijk voor het beheer van de begroting van de Nationale ombudsman.\n\n                Positie: Artikel 4.4, sectie 2 IN Rijksbegrotingswet 2016\n\n                Inhoud: De minister van Binnenlandse Zaken en Koninkrijksrelaties is verantwoordelijk voor het beheer van de begroting van de Nationale ombudsman.\n\n                Subfact: De minister van Binnenlandse Zaken en Koninkrijksrelaties is verantwoordelijk voor het beheer van de Kanselarij der Nederlandse Orden.\n\n                Positie: Artikel 4.4, sectie 2 IN Rijksbegrotingswet 2016\n\n                Inhoud: De minister van Binnenlandse Zaken en Koninkrijksrelaties is verantwoordelijk voor het beheer van de Kanselarij der Nederlandse Orden.\n\n                Subfact: De minister van Binnenlandse Zaken en Koninkrijksrelaties is verantwoordelijk voor het beheer van het Kabinet van de Gouverneur van Aruba.\n\n                Positie: Artikel 4.4, sectie 2 IN Rijksbegrotingswet 2016\n\n                Inhoud: De minister van Binnenlandse Zaken en Koninkrijksrelaties is verantwoordelijk voor het beheer van het Kabinet van de Gouverneur van Aruba.\n\n                Subfact: De minister van Binnenlandse Zaken en Koninkrijksrelaties is verantwoordelijk voor het beheer van het Kabinet van de Gouverneur van Curaçao.\n\n                Positie: Artikel 4.4, sectie 2 IN Rijksbegrotingswet 2016\n\n                Inhoud: De minister van Binnenlandse Zaken en Koninkrijksrelaties is verant"
      ]
    }
  },
  {
    "file": "rijksbegrotingscyclus.json",
    "ID": "9abf7b4e-fa63-4f88-a3ee-76046180238e",
    "type": "fact",
    "text": "Begroting bevat begrotingsstaat",
    "precondition_texts": {
      "82c3b146-cd6f-4505-8a8a-62ea15b6daa9": "Begroting bevat onderdeel",
      "bfa8a5dc-438d-4578-ba9b-8e257896b91a": "Begrotingsstaat"
    },
    "text_positions": {
      "82c3b146-cd6f-4505-8a8a-62ea15b6daa9": "Onbestemd",
      "bfa8a5dc-438d-4578-ba9b-8e257896b91a": "Artikel 2.5 IN Comptabiliteitswet 2016"
    },
    "feedback_extraction": {},
    "feedback_detection": {},
    "responses": {
      "(('include_examples', False), ('include_chain_of_thought', True))": [
        " Subfact 1: begrotingsstaat\n\n\n                Positie: Artikel 2.5, sectie Hoofdstuk 2 IN Comptabiliteitswet 2016\n\n\n                Subfact 2: begrotingsstaat van een departementale begroting\n\n\n                Positie: Artikel 2.1, eerste lid, IN Comptabiliteitswet 2016\n\n\n                Subfact 3: begrotingsstaat van een niet-departementale begroting\n\n\n                Positie: Artikel 2.1, eerste lid, IN Comptabiliteitswet 2016",
        "1. Subfact: Begroting bevat begrotingsstaat\n\n                Positie: Artikel 2.1, eerste lid, IN Comptabiliteitswet 2016\n\n            2. Subfact: De departementale begroting bevat begrotingsstaat\n\n               Positie: Artikel 2.1, eerste lid, IN Comptabiliteitswet 2016\n\n            3. Subfact: De niet-departementale begroting bevat begrotingsstaat\n\n              Positie: Artikel 2.5, IN Comptabiliteitswet 2016\n\n            4. Subfact: De begroting van een begrotingsfonds bevat begrotingsstaat\n\n              Positie: Artikel 2.11, eerste lid, IN Comptabiliteitswet 2016"
      ]
    }
  },
  {
    "file": "rijksbegrotingscyclus.json",
    "ID": "d9c46bf1-9418-45cc-a3ae-edfeafc1ab34",
    "type": "fact",
    "text": "Indiener",
    "precondition_texts": {
      "05e9596d-b053-459f-9982-be8d1c97f8bf": "Koning",
      "221ab7ec-25f3-47e9-86bb-50ef378a9f10": "Minister van Financiën",
      "ad706667-d736-4e58-ad9a-368a62ff8d1d": "Minister van Financiën is gemachtigd door de Koning"
    },
    "text_positions": {
      "05e9596d-b053-459f-9982-be8d1c97f8bf": "Onbestemd",
      "221ab7ec-25f3-47e9-86bb-50ef378a9f10": "Onbestemd",
      "ad706667-d736-4e58-ad9a-368a62ff8d1d": "Artikel 2.23 sectie 2 IN Comptabiliteitswet 2016"
    },
    "feedback_extraction": {},
    "feedback_detection": {},
    "responses": {
      "(('include_examples', False), ('include_chain_of_thought', True))": [
        "               Inhoud: <inhoud>\n\n                Subfact: Indienend van de rijksbegroting \n \n                Positie: Artikel 2.23, sectie 2, IN Comptabiliteitswet 2016\n \n                Inhoud: Wij dienen de voorstellen van wet tot vaststelling van de begrotingsstaten op de derde dinsdag van september van het jaar voorafgaande aan het begrotingsjaar bij de Tweede Kamer der Staten-Generaal in.\n\n                Subfact: Minister van Financiën indienen van de rijksbegroting\n \n                Positie: Artikel 2.23, sectie 2, IN Comptabiliteitswet 2016\n \n                Inhoud: In afwijking van het eerste lid kunnen Wij Onze Minister van Financiën machtigen de voorstellen van wet tot vaststelling van de begrotingsstaten bij de Tweede Kamer der Staten-Generaal in te dienen.\n\n                Subfact: Indiening van de Miljoenennota\n \n                Positie: Artikel 2.23, sectie 4, IN Comptabiliteitswet 2016\n \n                Inhoud: De Miljoenennota bevat in elk geval: a. het budgettaire totaalbeeld voor het betrokken begrotingsjaar en de vier daaropvolgende jaren van de rijksbegroting en de niet tot de rijksbegroting behorende budgetdisciplinesectoren; b. de budgettaire beschouwingen over het voorgenomen beleid voor de collectieve sector; c. een overzicht van de uitgaven en de ontvangsten in de begrotingen voor het beg",
        "Inhoud: <tekst van de subfact>\n\n                Subfact: De persoon die de begroting indient\n                Positie: Artikel 2.23, eerste lid IN Comptabiliteitswet 2016\n                Inhoud: Wij dienen de voorstellen van wet tot vaststelling van de begrotingsstaten op de derde dinsdag van september van het jaar voorafgaande aan het begrotingsjaar bij de Tweede Kamer der Staten-Generaal in.\n\n                Subfact: De persoon die de voorstellen van wet tot vaststelling van de begrotingsstaten indient\n                Positie: Artikel 2.23, tweede lid IN Comptabiliteitswet 2016\n                Inhoud: In afwijking van het eerste lid kunnen Wij Onze Minister van Financiën machtigen de voorstellen van wet tot vaststelling van de begrotingsstaten bij de Tweede Kamer der Staten-Generaal in dienen.\n\n                Subfact: De persoon die de Miljoenennota indient\n                Positie: Artikel 2.23, derde lid IN Comptabiliteitswet 2016\n                Inhoud: Onze Minister van Financiën biedt op de dag van de indiening van de voorstellen van wet tot vaststelling van de begrotingsstaten de Miljoenennota aan de Staten-Generaal aan."
      ]
    }
  },
  {
    "file": "rijksbegrotingscyclus.json",
    "ID": "2db951f9-4312-4608-a6d1-4e69bc659da2",
    "type": "fact",
    "text": "De opsteller van de [begroting] is de [minister] die voor de begroting verantwoordelijk is.",
    "precondition_texts": {
      "ac1cc59d-8ae6-4d00-9f4c-3245111d9449": "De begroting is voor het departement waarvan de opsteller de minister is.",
      "289ab3be-fc82-4f3d-8552-a57c5484b316": "De niet-departementale [begroting] wordt opgesteld door de juiste [minister]."
    },
    "text_positions": {
      "ac1cc59d-8ae6-4d00-9f4c-3245111d9449": "Artikel 2.1 sectie 2 IN Comptabiliteitswet 2016",
      "289ab3be-fc82-4f3d-8552-a57c5484b316": "Artikel 2.1 sectie 3 IN Comptabiliteitswet 2016"
    },
    "feedback_extraction": {},
    "feedback_detection": {},
    "responses": {
      "(('include_examples', False), ('include_chain_of_thought', True))": [
        "1. Subfact: De opsteller van de begroting is de minister die voor de begroting verantwoordelijk is.\n 2. Positie: Artikel 2.1, tweede lid, IN Comptabiliteitswet 2016\n 3. Positie: Artikel 4.3, eerste lid, IN Rijksbegrotingsvoorschriften 2024\n 4. Positie: Artikel 4.4, eerste lid, IN Rijksbegrotingsvoorschriften 2024",
        "1. Subfact: De opsteller van de begroting is de minister\n\n                   Positie: Artikel 2.1, eerste lid, IN Comptabiliteitswet 2016\n\n                2. Subfact: De opsteller van de begroting is de minister die voor de begroting verantwoordelijk is\n\n                   Positie: Artikel 2.1, eerste lid, IN Comptabiliteitswet 2016"
      ]
    }
  },
  {
    "file": "rijksbegrotingscyclus.json",
    "ID": "f8775f14-5ffe-4d81-a06e-1527fb4d8ff4",
    "type": "fact",
    "text": "De miljoenennota bevat in elk geval het budgettaire totaalbeeld, de budgettaire beschouwingen en een overzicht van de uitgaven en ontvangsten",
    "precondition_texts": {
      "c65f8a04-f0ea-496d-96fd-92cd22aa32dc": "een overzicht van de uitgaven en de ontvangsten in de begrotingen voor het begrotingsjaar en de vier daarop aansluitende jaren.",
      "47fd8598-84b8-4020-b6bf-f38364783d0a": "de budgettaire beschouwingen over het voorgenomen beleid voor de collectieve sector",
      "c2670808-0c70-4d85-8e6e-3e2d258e2135": "het budgettaire totaalbeeld voor het betrokken begrotingsjaar en de vier daaropvolgende jaren van de rijksbegroting en de niet tot de rijksbegroting behorende budgetdisciplinesectoren"
    },
    "text_positions": {
      "c65f8a04-f0ea-496d-96fd-92cd22aa32dc": "Artikel 2.23 sectie 4c IN Comptabiliteitswet 2016",
      "47fd8598-84b8-4020-b6bf-f38364783d0a": "Artikel 2.23 sectie 4b IN Comptabiliteitswet 2016",
      "c2670808-0c70-4d85-8e6e-3e2d258e2135": "Artikel 2.23 sectie 4a IN Comptabiliteitswet 2016"
    },
    "feedback_extraction": {},
    "feedback_detection": {},
    "responses": {
      "(('include_examples', False), ('include_chain_of_thought', True))": [
        "Inhoud: <inhoud van subfact>\n\n\n                 1. Subfact: Budgettaire totaalbeeld\n                  Positie: Artikel 4.2.4.a IN Rijksbegrotingswet 2016\n                  Inhoud: het budgettaire totaalbeeld voor het betrokken begrotingsjaar en de vier daaropvolgende jaren van de rijksbegroting en de niet tot de rijksbegroting behorende budgetdisciplinesectoren\n\n                 2. Subfact: Budgettaire beschouwingen\n                  Positie: Artikel 4.2.4.b IN Rijksbegrotingswet 2016\n                  Inhoud: de budgettaire beschouwingen over het voorgenomen beleid voor de collectieve sector\n\n                 3. Subfact: Overzicht van de uitgaven en ontvangsten\n                  Positie: Artikel 4.2.4.c IN Rijksbegrotingswet 2016\n                  Inhoud: een overzicht van de uitgaven en de ontvangsten in de begrotingen voor het begrotingsjaar en de vier daarop aansluitende jaren.",
        "1. Budgettaire totaalbeeld \n \n                Positie: Artikel 4.4, vierde lid, deel a, IN Hoofdstuk 2, Comptabiliteitswet 2016 \n \n                2. Budgettaire beschouwingen \n \n                Positie: Artikel 4.4, vierde lid, deel b, IN Hoofdstuk 2, Comptabiliteitswet 2016 \n \n                3. Overzicht van de uitgaven en ontvangsten \n \n                Positie: Artikel 4.4, vierde lid, deel c, IN Hoofdstuk 2, Comptabiliteitswet 2016"
      ]
    }
  },
  {
    "file": "rijksbegrotingscyclus.json",
    "ID": "bfa8a5dc-438d-4578-ba9b-8e257896b91a",
    "type": "fact",
    "text": "Begrotingsstaat",
    "precondition_texts": {
      "a0ad6ff8-b7dd-49fe-8c67-ea05b04f6923": "De begrotingsstaat bestaat uit begrotingsartikelen",
      "8b83a2c0-5adf-44b7-8e1a-01ceb679ddf1": "Artikel bevat het artikelnummer",
      "c4b6dd16-e478-4272-b3b2-ab7aa58c408d": "Artikel bevat een omschrijving",
      "47c23fcf-0304-4db9-af5f-dce431fa4e1b": "Artikel bevat het geraamde bedrag voor financiële verplichtingen",
      "5b9dfdda-2652-48a0-9e96-d0b12bda9f6c": "Artikel bevat het geraamde bedrag voor kasuitgaven",
      "9252c40b-576b-42b3-943e-bb8bcf9e3642": "Artikel bevat het geraamde bedrag voor kasontvangsten",
      "30f976fe-8f43-4184-9a2a-5dfc1b3c72d7": "De begrotingsstaat wordt conform het bijbehorende model ingericht"
    },
    "text_positions": {
      "a0ad6ff8-b7dd-49fe-8c67-ea05b04f6923": "Artikel 2.5 IN Comptabiliteitswet 2016",
      "8b83a2c0-5adf-44b7-8e1a-01ceb679ddf1": "Artikel 2.5 sectie a IN Comptabiliteitswet 2016",
      "c4b6dd16-e478-4272-b3b2-ab7aa58c408d": "Artikel 2.5 sectie b IN Comptabiliteitswet 2016",
      "47c23fcf-0304-4db9-af5f-dce431fa4e1b": "Artikel 2.5 sectie c IN Comptabiliteitswet 2016",
      "5b9dfdda-2652-48a0-9e96-d0b12bda9f6c": "Artikel 2.5 sectie d IN Comptabiliteitswet 2016",
      "9252c40b-576b-42b3-943e-bb8bcf9e3642": "Artikel 2.5 sectie e IN Comptabiliteitswet 2016",
      "30f976fe-8f43-4184-9a2a-5dfc1b3c72d7": "Bepalingen IN Rijksbegrotingsvoorschriften 2024"
    },
    "feedback_extraction": {},
    "feedback_detection": {},
    "responses": {
      "(('include_examples', False), ('include_chain_of_thought', True))": [
        "Inhoud: <inhoud van de subfact>\n\n                 1. Subfact: De begrotingsstaat van een departementale begroting inclusief de begrotingsstaat van de agentschappen. \n\n                    Positie: Artikel 2.1, eerste lid, derde lid, van de Comptabiliteitswet 2016\n\n                    Inhoud: Deze subfact beschrijft de begrotingsstaat van een departementale begroting, inclusief de begrotingsstaat van de agentschappen.\n\n                 2. Subfact: De begrotingsstaat behorend bij een departementale begroting, inclusief de begrotingsstaat van de agentschappen en van de begrotingsfondsen.\n\n                    Positie: Artikel 2.1, eerste lid, achtste lid, van de Comptabiliteitswet 2016\n\n                    Inhoud: Deze subfact beschrijft de begrotingsstaat behorend bij een departementale begroting, inclusief de begrotingsstaat van de agentschappen en van de begrotingsfondsen.\n\n                 3. Subfact: De begrotingsstaat behorende bij een begroting van een niet-departementale begroting eventueel inclusief de agentschappen.\n\n                    Positie: Model 1.21 of model 1.22, in Rijksbegrotingsvoorschriften 2024\n\n                    Inhoud: Deze subfact beschrijft de begrotingsstaat behorende bij een begroting van een niet-departementale begroting, eventueel inclusief de begrotingsstaat van de agentschappen.\n\n                 4. Subfact: De begrotingsstaat behorende bij een begroting van een begrotingsfonds.\n\n                    Positie: Model 1.23, in Rijksbegrotingsvoorschriften 2024\n\n                    Inhoud: Deze subfact beschrijft de begrotingsstaat behorende bij een begroting van een begrotingsfonds.\n\n                 5. Subfact: De begrotingsstaat bestaat uit begrotingsartikelen.\n\n                    Positie: Artikel 2.5, eerste lid, b, van de Comptabiliteitswet 2016\n\n                    Inhoud: Deze subfact beschrijft dat de begrotingsstaat uit begrotingsartikelen bestaat.\n\n                 6. Subfact: De begrotingsstaat bevat per begrotingsartikel de volgende gegevens: het artikelnummer, de artikelomschrijving, het geraamde bedrag voor financiële verplichtingen, het geraamde bedrag voor kasuitgaven, het geraamde bedrag voor kasontvangsten.\n\n                    Positie: Artikel 2.5, eerste lid, c, d, e, van de Comptabiliteitswet 2016\n\n                    Inhoud: Deze subfact beschrijft dat de begrotingsstaat per begrotingsartikel de volgende gegevens bevat: het artikelnummer, de artikelomschrijving, het geraamde bedrag voor financiële verplichtingen, het geraamde bedrag voor kasuitgaven, het geraamde bedrag voor kasontvangsten.\n\n                 7. Subfact: De begrotingsstaat van een departementale begroting bevat de weergave van het beleid en de bedrijfsvoering van het ministerie, met uitzondering van de beleidsaangelegenheden die worden opgenomen in een begroting als bedoeld in het vijfde lid.\n\n                    Positie: Artikel 2.1, eerste lid, zesde lid, van de Comptabiliteitswet 2016\n\n                    Inhoud: Deze subfact beschrijft dat de begrotingsstaat van een departementale begroting bevat de weergave van het beleid en de bedrijfsvoering van het ministerie, met uitzondering van de beleidsaangelegenheden die worden opgenomen in een begroting als bedoeld in het vijfde lid.",
        "1. Subfact: Begrotingsstaat wordt ingericht conform model 1.20.\n                   Positie: Artikel 2.1, eerste lid, derde lid IN Rijksbegrotingsvoorschriften 2024\n\n                2. Subfact: Begrotingsstaat wordt ingericht conform model 1.24.\n                   Positie: Artikel 2.1, eerste lid, vierde lid IN Rijksbegrotingsvoorschriften 2024\n\n                3. Subfact: Begrotingsstaat wordt ingericht conform model 1.21 of model 1.22.\n                   Positie: Artikel 2.1, eerste lid, zesde lid IN Rijksbegrotingsvoorschriften 2024\n\n                4. Subfact: Begrotingsstaat wordt ingericht volgens model 1.23.\n                   Positie: Artikel 2.1, eerste lid, zevende lid IN Rijksbegrotingsvoorschriften 2024\n\n                5. Subfact: De begrotingsstaat behorend bij een departementale begroting, inclusief de begrotingsstaat van de agentschappen.\n                   Positie: Artikel 2.1, eerste lid, derde lid IN Rijksbegrotingsvoorschriften 2024\n\n                6. Subfact: De begrotingsstaat behorend bij een departementale begroting, inclusief de begrotingsstaat van de agentschappen en van de begrotingsfondsen.\n                   Positie: Artikel 2.1, eerste lid, vierde lid IN Rijksbegrotingsvoorschriften 2024\n\n                7. Subfact: De begrotingsstaat behorende bij een begrotingsfonds.\n                   Positie: Artikel 2.1, eerste lid, zevende lid IN Rijksbegrotingsvoorschriften 2024"
      ]
    }
  },
  {
    "file": "rijksbegrotingscyclus.json",
    "ID": "22816ed6-af81-4861-b476-f6f7fc18345b",
    "type": "fact",
    "text": "Kandidaat-begroting",
    "precondition_texts": {
      "6bdb5edd-162a-4bb9-b5d3-70fd768a9b25": "Begroting bevat toelichting",
      "9abf7b4e-fa63-4f88-a3ee-76046180238e": "Begroting bevat begrotingsstaat",
      "8af8e135-a499-4d95-923c-43a8dbb0f6af": "Begroting bevat uitsluitend toelichting en begrotingsstaat"
    },
    "text_positions": {
      "6bdb5edd-162a-4bb9-b5d3-70fd768a9b25": "Artikel 2.2 IN Comptabiliteitswet 2016",
      "9abf7b4e-fa63-4f88-a3ee-76046180238e": "Artikel 2.2 IN Comptabiliteitswet 2016",
      "8af8e135-a499-4d95-923c-43a8dbb0f6af": "Artikel 2.2 IN Comptabiliteitswet 2016"
    },
    "feedback_extraction": {},
    "feedback_detection": {},
    "responses": {
      "(('include_examples', False), ('include_chain_of_thought', True))": [
        " Inhoud: <inhoud>\n\n                Subfact 1: Kandidaat-begroting\n\n                Positie: Artikel 2.23, eerste lid, IN Comptabiliteitswet 2016\n\n                Inhoud: Wij dienen de voorstellen van wet tot vaststelling van de begrotingsstaten op de derde dinsdag van september van het jaar voorafgaande aan het begrotingsjaar bij de Tweede Kamer der Staten-Generaal in.\n\n                Subfact 2: Kandidaat-begroting\n\n                Positie: Artikel 2.5, IN Comptabiliteitswet 2016\n\n                Inhoud: De begrotingsstaat bestaat uit begrotingsartikelen en bevat per begrotingsartikel de volgende gegevens: a. het artikelnummer; b. de artikelomschrijving; c. het geraamde bedrag voor financiële verplichtingen; d. het geraamde bedrag voor kasuitgaven; e. het geraamde bedrag voor kasontvangsten.\n\n                Subfact 3: Kandidaat-begroting\n\n                Positie: Artikel 2.2, IN Comptabiliteitswet 2016\n\n                Inhoud: Een begroting bestaat uit een begrotingsstaat en een daarbij behorende toelichting.",
        "               Inhoud: <begroting> \n\n                ---\n\n                Subfact: Kandidaat-begroting van het Kabinet van de Koning \n \n                Positie: Artikel 4.4.1, sectie 1 IN Rijksbegroting 2016\n\n                Inhoud: Onze Minister van Algemene Zaken is verantwoordelijk voor het beheer van de begrotingen van het Kabinet van de Koning.\n\n                ---\n\n                Subfact: Kandidaat-begroting van de Staten-Generaal\n\n                Positie: Artikel 4.4.2, sectie 1 IN Rijksbegroting 2016\n\n                Inhoud: Onze Minister van Binnenlandse Zaken en Koninkrijksrelaties is verantwoordelijk voor het beheer van de begrotingen van de Staten-Generaal.\n\n                ---\n\n                Subfact: Kandidaat-begroting van de Raad van State\n\n                Positie: Artikel 4.4.2, sectie 1 IN Rijksbegroting 2016\n\n                Inhoud: Onze Minister van Binnenlandse Zaken en Koninkrijksrelaties is verantwoordelijk voor het beheer van de begrotingen van de Raad van State.\n\n                ---\n\n                Subfact: Kandidaat-begroting van de Algemene Rekenkamer\n\n                Positie: Artikel 4.4.2, sectie 1 IN Rijksbegroting 2016\n\n                Inhoud: Onze Minister van Binnenlandse Zaken en Koninkrijksrelaties is verantwoordelijk voor het beheer van de begro"
      ]
    }
  },
  {
    "file": "rijksbegrotingscyclus.json",
    "ID": "289ab3be-fc82-4f3d-8552-a57c5484b316",
    "type": "fact",
    "text": "De niet-departementale [begroting] wordt opgesteld door de juiste [minister].",
    "precondition_texts": {
      "f93fc96f-eaad-4338-8dc2-ecbd6f79e5fb": "De begroting is voor de koning en de opsteller is de minister van Algemene Zaken.",
      "aa45bb99-370d-4681-9373-1550da607d7a": "De opsteller is de minister van Binnenlandse Zaken en Koninkrijksrelaties en de begroting is voor koninkrijksrelaties",
      "dd99688b-05fc-4d04-b46c-ad1ebb966057": "De begroting is voor Nationale Schuld en de opsteller is de minister van Financiën.",
      "307362e4-887c-4b96-bc1a-09519146b43f": "De begroting is voor het Kabinet van de Koning en de opsteller is de minister van Algemene Zaken.",
      "ad7b0b02-aaf0-440c-901e-615a68aaf25c": "De opsteller is de minister van Binnenlandse Zaken en Koninkrijksrelaties",
      "6cd2b0c9-cca7-4486-819d-1e6cbd2ae2d5": "De begroting is voor de Commissie van toezicht betreffende de inlichtingen- en veiligheidsdiensten en de opsteller is de minister van Algemene Zaken."
    },
    "text_positions": {
      "f93fc96f-eaad-4338-8dc2-ecbd6f79e5fb": "Artikel 4.3 sectie 1 IN Comptabiliteitswet 2016",
      "aa45bb99-370d-4681-9373-1550da607d7a": "Artikel 4.3 sectie 2 IN Comptabiliteitswet 2016",
      "dd99688b-05fc-4d04-b46c-ad1ebb966057": "Artikel 4.3 setice 3 IN Comptabiliteitswet 2016",
      "307362e4-887c-4b96-bc1a-09519146b43f": "Artikel 4.4 sectie 1 IN Comptabiliteitswet 2016",
      "ad7b0b02-aaf0-440c-901e-615a68aaf25c": "Artikel 4.4 sectie 2 IN Comptabiliteitswet 2016",
      "6cd2b0c9-cca7-4486-819d-1e6cbd2ae2d5": "Artikel 4.4 sectie 1 IN Comptabiliteitswet 2016"
    },
    "feedback_extraction": {},
    "feedback_detection": {},
    "responses": {
      "(('include_examples', False), ('include_chain_of_thought', True))": [
        "1. Subfact: De niet-departementale begroting wordt opgesteld door de juiste minister. \n\n                   Positie: Geen van de vermelde artikelen bevat een expliciete vermelding dat de niet-departementale begroting wordt opgesteld door de juiste minister. Het wordt echter wel aangegeven dat de ministers verantwoordelijk zijn voor het beheer van de niet-departementale begrotingen (Artikel 4.3, 4.4 van de Comptabiliteitswet 2016).\n\n                2. Subfact: De juiste minister is verantwoordelijk voor de opstelling van de niet-departementale begroting.\n\n                   Positie: Geen van de vermelde artikelen bevat een expliciete vermelding dat de juiste minister is verantwoordelijk voor de opstelling van de niet-departementale begroting. Het wordt echter wel aangegeven dat de ministers verantwoordelijk zijn voor het beheer van de niet-departementale begrotingen (Artikel 4.3, 4.4 van de Comptabiliteitswet 2016).\n\n                3. Subfact: De juiste minister is verantwoordelijk voor het opstellen van de niet-departementale begroting.\n\n                   Positie: Geen van de vermelde artikelen bevat een expliciete vermelding dat de juiste minister is verantwoordelijk voor het opstellen van de niet-departementale begroting. Het wordt echter wel aangegeven dat de ministers verantwoordelijk zijn voor het beheer van de niet-departementale begrotingen (Artikel 4.3, 4.4 van de Comptabiliteitswet 2016).\n\n                4. Subfact: De juiste minister stelt de niet-departementale begroting op.\n\n                   Positie: Geen van de vermelde artikelen bevat een expliciete vermelding dat de juiste minister stelt de niet-departementale begroting op. Het wordt echter wel aangegeven dat de ministers voor elk ministerie stellen voor de aanvang van een begrotingsjaar een begroting op (Artikel 2.1 van de Comptabiliteitswet 2016).\n\n                5. Subfact: De juiste minister maakt de niet-departementale begroting.\n\n                   Positie: Geen van de vermelde artikelen bevat een expliciete vermelding dat de juiste minister maakt de niet-departementale begroting. Het wordt echter wel aangegeven dat de ministers verantwoordelijk zijn voor het beheer van de niet-departementale begrotingen (Artikel 4.3, 4.4 van de Comptabiliteitswet 2016).\n\n                6. Subfact: De juiste minister is de maker van de niet-departementale begroting.\n\n                   Positie: Geen van de vermelde artikelen bevat een expliciete vermelding dat de juiste minister is de maker van de niet-departementale begroting. Het wordt echter wel aangegeven dat de ministers voor elk ministerie stellen voor de aanvang van een begrotingsjaar een begroting op (Artikel 2.1 van de Comptabiliteitswet 2016).",
        "1. Subfact: De niet-departementale begroting wordt opgesteld door de juiste minister.\n                2. Positie: Artikel 2.1, derde lid, IN Comptabiliteitswet 2016\n                3. Subfact: De niet-departementale begroting wordt opgesteld door de juiste minister.\n                4. Positie: Artikel 2.5, IN Comptabiliteitswet 2016\n                5. Subfact: De niet-departementale begroting wordt opgesteld door de juiste minister.\n                6. Positie: Artikel 4.4, derde lid, IN Comptabiliteitswet 2016\n\n\n\n                --- Omschrijving van de subfacts ---\n\n                1. Subfact: De niet-departementale begroting wordt opgesteld door de juiste minister.\n\n                   Deze subfact is te vinden in de sectie van de Comptabiliteitswet 2016 die beschrijft hoe de begroting van het Rijk wordt opgesteld. Het is vermeld dat de niet-departementale begrotingen worden opgesteld door de ministers, en in de sectie staat ook dat voor elk college is er een niet-departementale begroting.\n\n                2. Subfact: De niet-departementale begroting wordt opgesteld door de juiste minister.\n\n                   Deze subfact is te vinden in de sectie van de Comptabiliteitswet 2016 die beschrijft hoe de begroting van het Rijk wordt opgesteld. Het is vermeld dat de niet-departementale begrotingen worden opgesteld door de ministers, en in de sectie staat ook dat voor elk ministerie is er een departementale begroting en kunnen er één of meer niet-departementale begrotingen zijn.\n\n                3. Subfact: De niet-departementale begroting wordt opgesteld door de juiste minister.\n\n                   Deze subfact is te vinden in de sectie van de Comptabiliteitswet 2016 die beschrijft hoe de begroting van het Rijk wordt opgesteld. Het is vermeld dat de niet-departementale begrotingen worden opgesteld door de ministers, en in de sectie staat ook dat voor elk college is er een niet-departementale begroting.\n\n                4. Subfact: De niet-departementale begroting wordt opgesteld door de juiste minister.\n\n                   Deze subfact is te vinden in de sectie van de Comptabiliteitswet 2016 die beschrijft hoe de begroting van het Rijk wordt opgesteld. Het is vermeld dat de niet-departementale begrotingen worden opgesteld door de ministers, en in de sectie staat ook dat voor elk ministerie is er een departementale begroting en kunnen er één of meer niet-departementale begrotingen zijn.\n\n                5. Subfact: De niet-departementale begroting wordt opgesteld door de juiste minister.\n\n                   Deze subfact is te vinden in de sectie van de Comptabiliteitswet 2016 die beschrijft hoe de begroting van het Rijk wordt opgesteld. Het is vermeld dat de niet-departementale begrotingen worden opgesteld door de ministers, en in de sectie staat ook dat voor elk college is er een niet-departementale begroting.\n\n                6. Subfact: De niet-departementale begroting wordt opgesteld door de juiste minister.\n\n                   Deze subfact is"
      ]
    }
  },
  {
    "file": "rijksbegrotingscyclus.json",
    "ID": "eaf5723a-f739-4703-a6a8-8a16c1b18434",
    "type": "fact",
    "text": "De begrotingsstaat behorende bij de begroting van een niet-departementale begroting eventueel inclusief de agentschappen wordt volgens model 1.21 of model 1.22 opgesteld.",
    "precondition_texts": {
      "97ea5696-3a28-400f-ac0d-b7aa2ebc8908": "De begrotingsstaat in ingericht conform model 1.21 van de rijksbegrotingsvoorschriften",
      "c7e23ccf-59d1-494e-98de-7f0e51f8e90d": "De begrotingsstaat in ingericht conform model 1.22 van de rijksbegrotingsvoorschriften"
    },
    "text_positions": {
      "97ea5696-3a28-400f-ac0d-b7aa2ebc8908": "Bepalingen IN Rijksbegrotingsvoorschriften 2024",
      "c7e23ccf-59d1-494e-98de-7f0e51f8e90d": "Bepalingen IN Rijksbegrotingsvoorschriften 2024"
    },
    "feedback_extraction": {},
    "feedback_detection": {},
    "responses": {
      "(('include_examples', False), ('include_chain_of_thought', True))": [
        "1. Subfact: De begrotingsstaat behorende bij de begroting van een niet-departementale begroting\n\n                   Positie: Artikel 2.1, derde lid IN Comptabiliteitswet 2016\n\n                2. Subfact: eventueel inclusief de agentschappen\n\n                   Positie: Niet vermeld in de gegeven context\n\n                3. Subfact: wordt volgens model 1.21 of model 1.22 opgesteld.\n\n                   Positie: Niet vermeld in de gegeven context (deze informatie is te vinden in de Rijksbegrotingsvoorschriften 2024)",
        "1. Subfact: De begrotingsstaat behorende bij de begroting van een niet-departementale begroting eventueel inclusief de agentschappen.\n\n                   Positie: Artikel 1, sectie geen, IN Rijksbegrotingsvoorschriften 2024\n\n                2. Subfact: Volgens model 1.21 of model 1.22 opgesteld.\n\n                   Positie: Artikel 1, sectie geen, IN Rijksbegrotingsvoorschriften 2024"
      ]
    }
  },
  {
    "file": "Interpretatie_Vw_over_besluiten_op_aanvragen_voor_een_verblijfsvergunning_regulier_bepaalde_tijd.json",
    "ID": "767bd019-d22d-46fe-b50f-bf033cacd7fc",
    "type": "act",
    "text": "inwilligen aanvraag van vreemdeling tot het verlenen van een reguliere verblijfsvergunning voor bepaalde tijd door Onze Minister van Veiligheid en Justitie",
    "precondition_texts": {
      "4bc1a4da-3948-46aa-a8a5-392f9ab86522": "de verblijfsvergunning wordt verleend met ingang van de dag waarop de vreemdeling heeft aangetoond dat hij aan alle voorwaarden voldoet",
      "f4cd5c2a-3e67-4a47-8b83-786f7d214add": "de verblijfsvergunning wordt verleend met ingang van een dag eerder dan de dag waarop de aanvraag is ontvangen"
    },
    "text_positions": {
      "4bc1a4da-3948-46aa-a8a5-392f9ab86522": "Artikel 26, sectie 1 IN Vreemdelingenwet 2024",
      "f4cd5c2a-3e67-4a47-8b83-786f7d214add": "Artikel 26, sectie 1 IN Vreemdelingenwet 2024"
    },
    "feedback_extraction": {},
    "feedback_detection": {},
    "responses": {
      "(('include_examples', False), ('include_chain_of_thought', True))": [
        "1. De vreemdeling beschikt over een geldige machtiging tot voorlopig verblijf die overeenkomt met het verblijfsdoel waarvoor de verblijfsvergunning is aangevraagd \n\n                Positie: Artikel 16, 1a, Algemene wet bestuursrecht\n\n\n\n                2. De vreemdeling beschikt over een geldig document voor grensoverschrijding\n\n                Positie: Artikel 16, 1b, Algemene wet bestuursrecht\n\n\n\n                3. De vreemdeling zelfstandig en duurzaam beschikt over voldoende middelen van bestaan dan wel, indien de persoon bij wie de vreemdeling wil verblijven, niet zelfstandig en duurzaam beschikt over voldoende middelen van bestaan\n\n                Positie: Artikel 16, 1c, Algemene wet bestuursrecht\n\n\n\n                4. De vreemdeling niet voldoet aan de beperking, verband houdende met het doel waarvoor hij wil verblijven\n\n                Positie: Artikel 16, 1",
        "1. De vreemdeling beschikt over een geldige machtiging tot voorlopig verblijf die overeenkomt met het verblijfsdoel waarvoor de verblijfsvergunning is aangevraagd. \n\n                Positie: Artikel 16, 1a, Algemene wet bestuursrecht\n\n                2. De vreemdeling beschikt over een geldig document voor grensoverschrijding.\n\n                Positie: Artikel 16, 1b, Algemene wet bestuursrecht\n\n                3. De vreemdeling zelfstandig en duurzaam beschikt over voldoende middelen van bestaan dan wel, indien de persoon bij wie de vreemdeling wil verblijven, niet zelfstandig en duurzaam beschikt over voldoende middelen van bestaan.\n\n                Positie: Artikel 16, 1c, Algemene wet bestuursrecht\n\n                4. De vreemdeling voldoet aan de beperking, verband houdende met het doel waarvoor hij wil verblijven.\n\n                Positie: Artikel 16, 1g, Al"
      ]
    }
  },
  {
    "file": "Interpretatie_Vw_over_besluiten_op_aanvragen_voor_een_verblijfsvergunning_regulier_bepaalde_tijd.json",
    "ID": "2168d545-ef9d-4d7f-b21f-ee3fa1b0d8df",
    "type": "act",
    "text": "afwijzen aanvraag van vreemdeling tot het verlenen van een reguliere verblijfsvergunning voor bepaalde tijd door Onze Minister van Veiligheid en Justitie",
    "precondition_texts": {
      "9f6f899f-b9b0-46e2-88ff-3d083b3aa5a0": "NOT de vreemdeling beschikt over een geldige machtiging tot voorlopig verblijf die overeenkomt met het verblijfsdoel waarvoor de verblijfsvergunning is aangevraagd",
      "0723cc33-751e-4088-ba1a-7fae6b5a3006": "NOT de vreemdeling beschikt over een geldig document voor grensoverschrijding",
      "43fe2671-232c-4cc1-aac2-dc2855fdb796": "NOT de vreemdeling dan wel de persoon bij wie de vreemdeling wil verblijven, beschikt zelfstandig en duurzaam over voldoende middelen van bestaan",
      "bb462009-f320-45c8-bebf-bf2e57fb4920": "de vreemdeling een gevaar vormt voor de openbare orde of nationale veiligheid",
      "4714e879-ad2c-4037-986a-9c1bb9388856": "NOT de vreemdeling is bereid om medewerking te verlenen aan een medisch onderzoek naar een ziekte aangewezen bij of krachtens de Wet publieke gezondheid, ter bescherming van de volksgezondheid of een medische behandeling tegen een dergelijke ziekte te ondergaan",
      "a593aa87-d104-4fb7-8aab-3d9fc0ae7197": "de vreemdeling verricht arbeid voor een werkgever, zonder dat aan de Wet arbeid vreemdelingen is voldaan",
      "e116e23f-16a6-46a5-873e-2ef818170e7b": "de vreemdeling voldoet aan de beperking, verband houdende met het doel waarvoor hij wil verblijven",
      "5f370c30-0085-4094-a386-ce39e897d6c4": "NOT de vreemdeling beschikt over kennis op basisniveau van de Nederlandse taal en de Nederlandse maatschappij",
      "10d0a3cf-ed2b-4af2-833e-5d2daa301a1f": "de vreemdeling onjuiste gegevens heeft verstrekt dan wel gegevens heeft achtergehouden terwijl die gegevens tot afwijzing van een eerdere aanvraag tot het verlenen, verlengen of wijzigen van een visum of een verblijfsvergunning hebben geleid of zouden hebben geleid",
      "5cb97c0b-d778-4923-be16-128176485abd": "de vreemdeling in Nederland verblijf heeft gehouden, anders dan op grond van artikel 8 Vreemdelingenwet",
      "c9c15103-2bb6-417c-8fae-16309254d47c": "NOT ten behoeve van de vreemdeling een verklaring van een referent is overgelegd als bedoeld in artikel 2a, eerste lid Vreemdelingenwet",
      "82bf3f57-919a-4f58-b57f-a495d9b60a7a": "NOT de nadelige gevolgen van een besluit zijn, voor een of meer belanghebbenden, onevenredig in verhouding tot de met het besluit te dienen doelen "
    },
    "text_positions": {
      "9f6f899f-b9b0-46e2-88ff-3d083b3aa5a0": "Artikel 16, sectie 1 a IN Vreemdelingenwet 2024",
      "0723cc33-751e-4088-ba1a-7fae6b5a3006": "Artikel 16, sectie 1 b IN Vreemdelingenwet 2024",
      "43fe2671-232c-4cc1-aac2-dc2855fdb796": "Artikel 16, sectie 1 c IN Vreemdelingenwet 2024",
      "bb462009-f320-45c8-bebf-bf2e57fb4920": "Artikel 16, sectie 1 d IN Vreemdelingenwet 2024",
      "4714e879-ad2c-4037-986a-9c1bb9388856": "Artikel 16, sectie 1 e IN Vreemdelingenwet 2024",
      "a593aa87-d104-4fb7-8aab-3d9fc0ae7197": "Artikel 16, sectie 1 f IN Vreemdelingenwet 2024",
      "e116e23f-16a6-46a5-873e-2ef818170e7b": "Artikel 16, sectie 1 g IN Vreemdelingenwet 2024",
      "5f370c30-0085-4094-a386-ce39e897d6c4": "Artikel 16, sectie 1 hIN Vreemdelingenwet 2024",
      "10d0a3cf-ed2b-4af2-833e-5d2daa301a1f": "Artikel 16, sectie 1 i IN Vreemdelingenwet 2024",
      "5cb97c0b-d778-4923-be16-128176485abd": "Artikel 16, sectie 1 j IN Vreemdelingenwet 2024",
      "c9c15103-2bb6-417c-8fae-16309254d47c": "Artikel 16, sectie 1 k IN Vreemdelingenwet 2024",
      "82bf3f57-919a-4f58-b57f-a495d9b60a7a": "Artikel 3:4, sectie 2 IN Algemene wet bestuursrecht"
    },
    "feedback_extraction": {},
    "feedback_detection": {},
    "responses": {
      "(('include_examples', False), ('include_chain_of_thought', True))": [
        "1. De vreemdeling beschikt niet over een geldige machtiging tot voorlopig verblijf die overeenkomt met het verblijfsdoel waarvoor de verblijfsvergunning is aangevraagd.\n\n                Positie: Artikel 16, 1a, Algemene wet bestuursrecht\n\n                2. De vreemdeling beschikt niet over een geldig document voor grensoverschrijding.\n\n                Positie: Artikel 16, 1b, Algemene wet bestuursrecht\n\n                3. De vreemdeling beschikt niet zelfstandig en duurzaam over voldoende middelen van bestaan dan wel, indien de persoon bij wie de vreemdeling wil verblijven, niet zelfstandig en duurzaam beschikt over voldoende middelen van bestaan.\n\n                Positie: Artikel 16, 1c, Algemene wet bestuursrecht\n\n                4. De vreemdeling is een gevaar voor de openbare orde of nationale veiligheid.\n\n                Positie: Artikel 16, 1d, Algemene wet bestuursrecht\n\n                5. De vreemdeling weigert medewerking aan een medisch onderzoek of medische behandeling.\n\n                Positie: Artikel 16, 1e, Algemene wet bestuursrecht\n\n                6. De vreemdeling verricht werk voor een wergever zonder dat aan de Wet arbeid vreemdelingen is voldaan.\n\n                Positie: Artikel 16, 1f, Algemene wet bestuursrecht\n\n                7. De vreemdeling voldoet niet aan de beperking, verband houdende met het doel waarvoor hij wil verblijven.\n\n                Positie: Artikel 16, 1g, Algemene wet bestuursrecht\n\n                8. De vreemdeling is in Nederland verblijf gehouden anders dan op grond van artikel 8.\n\n                Positie: Artikel 16, 1j, Algemene wet bestuursrecht\n\n                9. De vreemdeling heeft onjuiste gegevens verstrekt of gegevens achtergehouden terwijl die gegevens tot afwijzing van een eerdere aanvraag tot het verlenen, verlengen of wijzigen van een visum of een verblijfsvergunning hebben geleid of zouden hebben geleid.\n\n                Positie: Artikel 16, 1i, Algemene wet bestuursrecht\n\n                10. De vreemdeling is niet inburgeringsplichtig op grond van de artikelen 3 en 4 van de Wet inburgering 2021 en beschikt niet over kennis op basisniveau van de Nederlandse taal en de Nederlandse maatschappij.\n\n                Positie: Artikel 16, 1h, Algemene wet bestuursrecht\n\n                11. De vreemdeling is in Nederland verblijf gehouden anders dan op grond van artikel 8.\n\n                Positie: Artikel 17, 1j, Vreemdelingenwet\n\n                12. De vreemdeling heeft geen verklaring van een referent overgelegd als bedoeld in artikel 2a, eerste lid.\n\n                Positie: Artikel 17, 1k, Vreemdelingenwet",
        "1. De vreemdeling beschikt niet over een geldige machtiging tot voorlopig verblijf die overeenkomt met het verblijfsdoel waarvoor de verblijfsvergunning is aangevraagd.\n\n                   Positie: Artikel 16, 1a, Algemene wet bestuursrecht\n\n                2. De vreemdeling beschikt niet over een geldig document voor grensoverschrijding.\n\n                   Positie: Artikel 16, 1b, Algemene wet bestuursrecht\n\n                3. De vreemdeling niet zelfstandig en duurzaam beschikt over voldoende middelen van bestaan dan wel, indien de persoon bij wie de vreemdeling wil verblijven, niet zelfstandig en duurzaam beschikt over voldoende middelen van bestaan.\n\n                   Positie: Artikel 16, 1c, Algemene wet bestuursrecht\n\n                4. De vreemdeling een gevaar vormt voor de openbare orde of nationale veiligheid.\n\n                   Positie: Artikel 16, 1d, Algemene wet bestuursrecht\n\n                5. De vreemdeling niet bereid is om medewerking te verlenen aan een medisch onderzoek naar een ziekte aangewezen bij of krachtens de Wet publieke gezondheid, ter bescherming van de volksgezondheid of een medische behandeling tegen een dergelijke ziekte te ondergaan.\n\n                   Positie: Artikel 16, 1e, Algemene wet bestuursrecht\n\n                6. De vreemdeling voor een werkgever arbeid verricht, zonder dat aan de Wet arbeid vreemdelingen is voldaan.\n\n                   Positie: Artikel 16, 1f, Algemene wet bestuursrecht\n\n                7. De vreemdeling niet voldoet aan de beperking, verband houdende met het doel waarvoor hij wil verblijven.\n\n                   Positie: Artikel 16, 1g, Algemene wet bestuursrecht\n\n                8. De vreemdeling, die niet behoort tot een der categorieën, bedoeld in artikel 17, eerste lid, na verkrijging van rechtmatig verblijf in Nederland inburgeringsplichtig zou zijn op grond van de artikelen 3 en 4 van de Wet inburgering 2021 en niet beschikt over kennis op basisniveau van de Nederlandse taal en de Nederlandse maatschappij.\n\n                   Positie: Artikel 16, 1h, Algemene wet bestuursrecht\n\n                9. De vreemdeling onjuiste gegevens heeft verstrekt dan wel gegevens heeft achtergehouden terwijl die gegevens tot afwijzing van een eerdere aanvraag tot het verlenen, verlengen of wijzigen van een visum of een verblijfsvergunning hebben geleid of zouden hebben geleid.\n\n                   Positie: Artikel 16, 1i, Algemene wet bestuursrecht\n\n                10. De vreemdeling in Nederland verblijf heeft gehouden, anders dan op grond van artikel 8.\n\n                   Positie: Artikel 16, 1j, Algemene wet bestuursrecht\n\n                11. Ten behoeve van het verblijf van de vreemdeling geen verklaring van een referent is overgelegd als bedoeld in artikel 2a, eerste lid.\n\n                   Positie: Artikel 16, 1k, Algemene wet bestuursrecht\n\n                12. De vreemdeling behoort niet tot een der categorieën, bedoeld in artikel 17, eerste lid, indien het betreft:\n\n                   a. De vreemdeling die de nationaliteit bezit van één der door bij regeling van Onze Minister in overeenstemming met Onze Minister van Buitenlandse Zaken aan te wijzen landen;\n\n                   Positie: Artikel 17, 1a, Vreemdelingenwet\n\n                   b. De gemeenschapsonderdaan, voorzover niet reeds vrijgesteld op grond van een aanwijzing als bedoeld onder a;\n\n                   Positie: Artikel 17, 1b, Vreemdelingenwet\n\n                   c. De vreemdeling voor wie het gelet op diens gezondheidstoestand niet verantwoord is om te reizen;\n\n                   Positie: Artikel 17, 1c, Vreemdelingenwet\n\n                   d. De vreemdeling die slachtoffer of getuige-aangever is van mensenhandel;\n\n                   Positie: Artikel 17, 1d, Vreemdelingenwet\n\n                   e. De vreemdeling die onmiddellijk voorafgaande aan de aanvraag in het bezit was van een verblijfsvergunning voor bepaalde tijd als bedoeld in artikel 28 dan wel van een verblijfsvergunning voor onbepaalde tijd als bedoeld in artikel 33;\n\n                   Positie: Artikel 17, 1e, Vreemdelingenwet\n\n                   f. De vreemdeling die tijdig een aanvraag heeft ingediend tot wijziging van een verblijfsvergunning;\n\n                   Positie: Artikel 17, 1f, Vreemdelingenwet\n\n                   g. De vreemdeling die behoort tot een bij algemene maatregel van bestuur aangewezen categorie;\n\n                   Positie: Artikel 17, 1g, Vreemdelingenwet\n\n                   h. De vreemdeling die niet behoort tot een der categorieën, bedoeld in artikel 17, eerste lid, indien het betreft:\n\n                   i. De vreemdeling onjuiste gegevens heeft verstrekt dan wel gegevens heeft achtergehouden terwijl die gegevens tot afwijzing van een eerdere aanvraag tot het verlenen, verlengen of wijzigen van een visum of een verblijfsvergunning hebben geleid of zouden hebben geleid;\n\n                   Positie: Artikel 17, 1i, Vreemdelingenwet\n\n                   j. De vreemdeling in Nederland verblijf heeft gehouden, anders dan op grond van artikel 8.\n\n                   Positie: Artikel 17, 1j, Vreemdelingenwet\n\n                   k. ten behoeve van het verblijf van de vreemdeling geen verklaring van een referent is overgelegd als bedoeld in artikel 2a, eerste lid.\n\n                   Positie: Artikel 17, 1k, Vreemdelingenwet"
      ]
    }
  },
  {
    "file": "Interpretatie_Vw_over_besluiten_op_aanvragen_voor_een_verblijfsvergunning_regulier_bepaalde_tijd.json",
    "ID": "0ee352d3-e7de-4df0-9f77-bc6062122dfc",
    "type": "act",
    "text": "niet in behandeling nemen aanvraag van vreemdeling tot het verlenen van een reguliere verblijfsvergunning voor bepaalde tijd door Onze Minister van Veiligheid en Justitie",
    "precondition_texts": {
      "aa969044-267c-4b75-913a-46743f44eea3": "NOT de aanvrager heeft voldaan aan alle wettelijk voorschriften voor het in behandeling nemen van de aanvraag",
      "15c10d53-5667-4a17-a002-8f5bba5bd128": "de aanvraag geheel of gedeeltelijk is geweigerd op grond van artikel 2:15 Algemene wet bestuursrecht",
      "86c44e22-2649-4978-b9d1-c7fa6b73945d": "de verstrekte gegevens en bescheiden onvoldoende zijn voor de beoordeling van de aanvraag of voor de voorbereiding van de beschikking",
      "e7f9471d-17f1-4c54-ae91-77cb1ae554f6": "een besluit om de aanvraag niet te behandelen wordt aan de aanvrager bekendgemaakt binnen vier weken nadat de aanvraag is aangevuld of nadat de daarvoor gestelde termijn ongebruikt is verstreken",
      "5cb67198-8adf-4dcf-ac16-d6772400abc2": "als betaling leges achterwege blijft, wordt de aanvraag niet in behandeling genomen "
    },
    "text_positions": {
      "aa969044-267c-4b75-913a-46743f44eea3": "Artikel 4:5, sectie 1 a IN Algemene wet bestuursrecht",
      "15c10d53-5667-4a17-a002-8f5bba5bd128": "Artikel 4:5, sectie 1 b IN Algemene wet bestuursrecht",
      "86c44e22-2649-4978-b9d1-c7fa6b73945d": "Artikel 4:5, sectie 1 c IN Algemene wet bestuursrecht",
      "e7f9471d-17f1-4c54-ae91-77cb1ae554f6": "Artikel 4:5, sectie 4 IN Algemene wet bestuursrecht",
      "5cb67198-8adf-4dcf-ac16-d6772400abc2": "Artikel 17a sectie 2 IN Vreemdelingenwet 2024"
    },
    "feedback_extraction": {},
    "feedback_detection": {},
    "responses": {
      "(('include_examples', False), ('include_chain_of_thought', True))": [
        "1. De vreemdeling beschikt niet over een geldige machtiging tot voorlopig verblijf die overeenkomt met het verblijfsdoel waarvoor de verblijfsvergunning is aangevraagd.  \n\n\n                Positie: Artikel 16, sub 1a, IN Vreemdelingenwet geldig vanaf 2024\n\n                2. De vreemdeling beschikt niet over een geldig document voor grensoverschrijding.  \n\n\n                Positie: Artikel 16, sub 1b, IN Vreemdelingenwet geldig vanaf 2024\n\n                3. De vreemdeling niet zelfstandig en duurzaam beschikt over voldoende middelen van bestaan dan wel, indien de persoon bij wie de vreemdeling wil verblijven, niet zelfstandig en duurzaam beschikt over voldoende middelen van bestaan.  \n\n\n                Positie: Artikel 16, sub 1c, IN Vreemdelingenwet geldig vanaf 2024\n\n                4. De vreemdeling een gevaar vormt voor de openbare orde of nationale veiligheid.  \n\n\n                Positie: Artikel 16, sub 1d, IN Vreemdelingenwet geldig vanaf 2024\n\n                5. De vreemdeling niet bereid is om medewerking te verlenen aan een medisch onderzoek naar een ziekte aangewezen bij of krachtens de Wet publieke gezondheid, ter bescherming van de volksgezondheid of een medische behandeling tegen een dergelijke ziekte te ondergaan.  \n\n\n                Positie: Artikel 16, sub 1e, IN Vreemdelingenwet geldig vanaf 2024\n\n                Deze precondities gelden voor de act van niet in behandeling nemen aanvraag van vreemdeling tot het verlenen van een reguliere verblijfsvergunning voor bepaalde tijd door Onze Minister van Veiligheid en Justitie. Deze act kan dus alleen uitgevoerd worden als de vreemdeling wel de voorwaarden van deze precondities voldoet.",
        "1. De vreemdeling beschikt niet over een geldige machtiging tot voorlopig verblijf die overeenkomt met het verblijfsdoel waarvoor de verblijfsvergunning is aangevraagd. \n\n                Positie: Artikel 16, sub-sectie 1a, Algemene wet bestuursrecht\n\n                2. De vreemdeling beschikt niet over een geldig document voor grensoverschrijding.\n\n                Positie: Artikel 16, sub-sectie 1b, Algemene wet bestuursrecht\n\n                3. De vreemdeling niet zelfstandig en duurzaam beschikt over voldoende middelen van bestaan dan wel, indien de persoon bij wie de vreemdeling wil verblijven, niet zelfstandig en duurzaam beschikt over voldoende middelen van bestaan.\n\n                Positie: Artikel 16, sub-sectie 1c, Algemene wet bestuursrecht\n\n                4. De vreemdeling een gevaar vormt voor de openbare orde of nationale veiligheid.\n\n                Positie: Artikel 16, sub-sectie 1d, Algemene wet bestuursrecht\n\n                5. De vreemdeling niet bereid is om medewerking te verlenen aan een medisch onderzoek naar een ziekte aangewezen bij of krachtens de Wet publieke gezondheid, ter bescherming van de volksgezondheid of een medische behandeling tegen een dergelijke ziekte te ondergaan.\n\n                Positie: Artikel 16, sub-sectie 1e, Algemene wet bestuursrecht"
      ]
    }
  }
]